
========================================================
  RoadShield System Log
  Session started: 2026-06-23 12:34:47
========================================================
[2026-06-23 12:34:47] [EVENT] === SESSION START ===
[2026-06-23 12:34:47] [INFO] ملف السجل: ./system.log
[2026-06-23 12:34:47] [INFO] السيرفر: https://controlroom.dubibid.com
[2026-06-23 12:34:47] [INFO] المحلي:  MediaMTX ← كاميرات Hikvision
[2026-06-23 12:34:47] [INFO] ⏳ انتظار الاتصال بالإنترنت (مهلة: 120 ثانية)...
[2026-06-23 12:34:47] [INFO]    جهاز التحقق: 1.1.1.1
[2026-06-23 12:34:47] [EVENT] ✅ تم الحصول على الإنترنت في: 2026-06-23 12:34:47 (بعد 0 ثانية من بدء التشغيل)
[2026-06-23 12:34:47] [SUCCESS] ✅ الإنترنت متاح! (0s)
[2026-06-23 12:34:47] [INFO] تشغيل MediaMTX...
[2026-06-23 12:34:48] [EVENT] MediaMTX started — PID: 24017 — Time: 2026-06-23 12:34:48
[2026-06-23 12:34:50] [INFO] MediaMTX يعمل (PID: 24017)
[2026-06-23 12:34:50] [INFO] تشغيل camera-control.py (PTZ agent)...
[2026-06-23 12:34:51] [EVENT] camera-control.py started — PID: 24045 — Time: 2026-06-23 12:34:51
[2026-06-23 12:34:51] [INFO] camera-control.py يعمل (PID: 24045)
[2026-06-23 12:34:51] [INFO] تشغيل Cloudflare Tunnel...
[2026-06-23 12:34:51] [EVENT] Cloudflare Tunnel starting — Time: 2026-06-23 12:34:51
[2026-06-23 12:34:51] [INFO] انتظار URL من Cloudflare...

========================================================
  RoadShield System Log
  Session started: 2026-06-23 12:34:52
========================================================
[2026-06-23 12:34:52] [EVENT] === SESSION START ===
[2026-06-23 12:34:52] [INFO] ملف السجل: ./system.log
[2026-06-23 12:34:52] [INFO] السيرفر: https://controlroom.dubibid.com
[2026-06-23 12:34:52] [INFO] المحلي:  MediaMTX ← كاميرات Hikvision
[2026-06-23 12:34:52] [INFO] ⏳ انتظار الاتصال بالإنترنت (مهلة: 120 ثانية)...
[2026-06-23 12:34:52] [INFO]    جهاز التحقق: 1.1.1.1
[2026-06-23 12:34:52] [EVENT] ✅ تم الحصول على الإنترنت في: 2026-06-23 12:34:52 (بعد 0 ثانية من بدء التشغيل)
[2026-06-23 12:34:52] [SUCCESS] ✅ الإنترنت متاح! (0s)
[2026-06-23 12:34:52] [INFO] تشغيل MediaMTX...
[2026-06-23 12:34:53] [EVENT] MediaMTX started — PID: 24153 — Time: 2026-06-23 12:34:53
[2026-06-23 12:34:55] [INFO] MediaMTX يعمل (PID: 24153)
[2026-06-23 12:34:55] [INFO] تشغيل camera-control.py (PTZ agent)...
[2026-06-23 12:34:56] [EVENT] camera-control.py started — PID: 24236 — Time: 2026-06-23 12:34:56
[2026-06-23 12:34:56] [INFO] camera-control.py يعمل (PID: 24236)
[2026-06-23 12:34:56] [INFO] تشغيل Cloudflare Tunnel...
[2026-06-23 12:34:56] [EVENT] Cloudflare Tunnel starting — Time: 2026-06-23 12:34:56
[2026-06-23 12:34:56] [INFO] انتظار URL من Cloudflare...
[2026-06-23 12:35:01] [EVENT] Cloudflare Tunnel URL received: https://forecasts-outcome-gifts-exception.trycloudflare.com — Time: 2026-06-23 12:35:01
[2026-06-23 12:35:01] [EVENT] Cloudflare Tunnel URL received: https://forecasts-outcome-gifts-exception.trycloudflare.com — Time: 2026-06-23 12:35:01
[2026-06-23 12:35:01] [INFO] تسجيل URL في Laravel API...
[2026-06-23 12:35:01] [INFO] تسجيل URL في Laravel API...
[2026-06-23 12:35:02] [SUCCESS] ✅ URL مسجّل بنجاح في Laravel!
[2026-06-23 12:35:02] [SUCCESS] ✅ URL مسجّل بنجاح في Laravel!
[2026-06-23 12:35:02] [INFO]   → الكاميرات تعمل على: https://controlroom.dubibid.com/surveillance
[2026-06-23 12:35:02] [INFO]   → الكاميرات تعمل على: https://controlroom.dubibid.com/surveillance
[2026-06-23 12:35:02] [INFO] النظام يعمل. اضغط Ctrl+C للإيقاف.
[2026-06-23 12:35:02] [INFO] النظام يعمل. اضغط Ctrl+C للإيقاف.
[2026-06-23 12:35:02] [INFO] ملف السجل الكامل: /home/yazan/projects/rs-python-stream/system.log
[2026-06-23 12:35:02] [INFO] ملف السجل الكامل: /home/yazan/projects/rs-python-stream/system.log

========================================================
  RoadShield System Log
  Session started: 2026-06-23 12:11:25
========================================================
[2026-06-23 12:11:25] [EVENT] === SESSION START ===
[2026-06-23 12:11:25] [INFO] ملف السجل: ./system.log
[2026-06-23 12:11:25] [INFO] السيرفر: https://controlroom.dubibid.com
[2026-06-23 12:11:25] [INFO] المحلي:  MediaMTX ← كاميرات Hikvision
[2026-06-23 12:11:25] [INFO] ⏳ انتظار الاتصال بالإنترنت (مهلة: 120 ثانية)...
[2026-06-23 12:11:25] [INFO]    جهاز التحقق: 1.1.1.1
[2026-06-23 12:11:34] [WARN]   لا يوجد إنترنت بعد... (10/120 ثانية)
[2026-06-23 12:11:44] [WARN]   لا يوجد إنترنت بعد... (20/120 ثانية)
[2026-06-23 12:11:56] [WARN]   لا يوجد إنترنت بعد... (30/120 ثانية)
[2026-06-23 12:12:12] [WARN]   لا يوجد إنترنت بعد... (40/120 ثانية)
[2026-06-23 12:12:30] [WARN]   لا يوجد إنترنت بعد... (50/120 ثانية)
[2026-06-23 12:12:37] [EVENT] ✅ تم الحصول على الإنترنت في: 2026-06-23 12:12:37 (بعد 54 ثانية من بدء التشغيل)
[2026-06-23 12:12:37] [SUCCESS] ✅ الإنترنت متاح! (54s)
[2026-06-23 12:12:37] [INFO] تشغيل MediaMTX...
[2026-06-23 12:12:38] [EVENT] MediaMTX started — PID: 2302 — Time: 2026-06-23 12:12:38
[2026-06-23 12:12:40] [INFO] MediaMTX يعمل (PID: 2302)
[2026-06-23 12:12:40] [INFO] تشغيل camera-control.py (PTZ agent)...
[2026-06-23 12:12:41] [EVENT] camera-control.py started — PID: 2318 — Time: 2026-06-23 12:12:41
[2026-06-23 12:12:41] [INFO] camera-control.py يعمل (PID: 2318)
[2026-06-23 12:12:41] [INFO] تشغيل Cloudflare Tunnel...
[2026-06-23 12:12:41] [EVENT] Cloudflare Tunnel starting — Time: 2026-06-23 12:12:41
[2026-06-23 12:12:41] [INFO] انتظار URL من Cloudflare...
[2026-06-23 12:12:47] [EVENT] Cloudflare Tunnel URL received: https://recipients-terrorists-girls-attitudes.trycloudflare.com — Time: 2026-06-23 12:12:47
[2026-06-23 12:12:47] [INFO] تسجيل URL في Laravel API...
[2026-06-23 12:12:48] [SUCCESS] ✅ URL مسجّل بنجاح في Laravel!
[2026-06-23 12:12:48] [INFO]   → الكاميرات تعمل على: https://controlroom.dubibid.com/surveillance
[2026-06-23 12:12:48] [INFO] النظام يعمل. اضغط Ctrl+C للإيقاف.
[2026-06-23 12:12:48] [INFO] ملف السجل الكامل: /home/yazan/projects/rs-python-stream/system.log

========================================================
  RoadShield System Log
  Session started: 2026-06-23 12:39:17
========================================================
[2026-06-23 12:39:17] [EVENT] === SESSION START ===
[2026-06-23 12:39:17] [INFO] ملف السجل: ./system.log
[2026-06-23 12:39:17] [INFO] السيرفر: https://controlroom.dubibid.com
[2026-06-23 12:39:17] [INFO] المحلي:  MediaMTX ← كاميرات Hikvision
[2026-06-23 12:39:17] [INFO] ⏳ انتظار الاتصال بالإنترنت (مهلة: 120 ثانية)...
[2026-06-23 12:39:17] [INFO]    جهاز التحقق: 1.1.1.1
[2026-06-23 12:39:26] [WARN]   لا يوجد إنترنت بعد... (10/120 ثانية)
[2026-06-23 12:39:36] [WARN]   لا يوجد إنترنت بعد... (20/120 ثانية)
[2026-06-23 12:39:42] [EVENT] ✅ تم الحصول على الإنترنت في: 2026-06-23 12:39:42 (بعد 25 ثانية من بدء التشغيل)
[2026-06-23 12:39:42] [SUCCESS] ✅ الإنترنت متاح! (25s)
[2026-06-23 12:39:42] [INFO] تشغيل MediaMTX...
[2026-06-23 12:39:43] [EVENT] MediaMTX started — PID: 2227 — Time: 2026-06-23 12:39:43
[2026-06-23 12:41:53] [INFO] MediaMTX يعمل (PID: 2227)
[2026-06-23 12:41:53] [INFO] تشغيل camera-control.py (PTZ agent)...
[2026-06-23 12:41:54] [EVENT] camera-control.py started — PID: 2243 — Time: 2026-06-23 12:41:54
[2026-06-23 12:41:54] [INFO] camera-control.py يعمل (PID: 2243)
[2026-06-23 12:41:54] [INFO] تشغيل Cloudflare Tunnel...
[2026-06-23 12:41:54] [EVENT] Cloudflare Tunnel starting — Time: 2026-06-23 12:41:54
[2026-06-23 12:41:54] [INFO] انتظار URL من Cloudflare...
[2026-06-23 12:42:01] [EVENT] Cloudflare Tunnel URL received: https://intention-aquatic-prime-march.trycloudflare.com — Time: 2026-06-23 12:42:01
[2026-06-23 12:42:01] [INFO] تسجيل URL في Laravel API...
[2026-06-23 12:42:01] [SUCCESS] ✅ URL مسجّل بنجاح في Laravel!
[2026-06-23 12:42:01] [INFO]   → الكاميرات تعمل على: https://controlroom.dubibid.com/surveillance
[2026-06-23 12:42:01] [INFO] النظام يعمل. اضغط Ctrl+C للإيقاف.
[2026-06-23 12:42:01] [INFO] ملف السجل الكامل: /home/yazan/projects/rs-python-stream/system.log

========================================================
  RoadShield System Log
  Session started: 2026-06-23 12:41:55
========================================================
[2026-06-23 12:41:55] [EVENT] === SESSION START ===
[2026-06-23 12:41:55] [INFO] ملف السجل: ./system.log
[2026-06-23 12:41:55] [INFO] السيرفر: https://controlroom.dubibid.com
[2026-06-23 12:41:55] [INFO] المحلي:  MediaMTX ← كاميرات Hikvision
[2026-06-23 12:41:55] [INFO] ⏳ انتظار الاتصال بالإنترنت (مهلة: 120 ثانية)...
[2026-06-23 12:41:55] [INFO]    جهاز التحقق: 1.1.1.1
[2026-06-23 12:42:04] [WARN]   لا يوجد إنترنت بعد... (10/120 ثانية)
[2026-06-23 12:42:14] [WARN]   لا يوجد إنترنت بعد... (20/120 ثانية)
[2026-06-23 12:42:20] [EVENT] ✅ تم الحصول على الإنترنت في: 2026-06-23 12:42:20 (بعد 25 ثانية من بدء التشغيل)
[2026-06-23 12:42:20] [SUCCESS] ✅ الإنترنت متاح! (25s)
[2026-06-23 12:42:20] [INFO] تشغيل MediaMTX...
[2026-06-23 12:42:21] [EVENT] MediaMTX started — PID: 2209 — Time: 2026-06-23 12:42:21
[2026-06-23 12:43:29] [INFO] MediaMTX يعمل (PID: 2209)
[2026-06-23 12:43:29] [INFO] تشغيل camera-control.py (PTZ agent)...
[2026-06-23 12:43:30] [EVENT] camera-control.py started — PID: 2226 — Time: 2026-06-23 12:43:30
[2026-06-23 12:43:30] [INFO] camera-control.py يعمل (PID: 2226)
[2026-06-23 12:43:30] [INFO] تشغيل Cloudflare Tunnel...
[2026-06-23 12:43:30] [EVENT] Cloudflare Tunnel starting — Time: 2026-06-23 12:43:30
[2026-06-23 12:43:30] [INFO] انتظار URL من Cloudflare...
[2026-06-23 12:43:36] [EVENT] Cloudflare Tunnel URL received: https://recycling-moderate-dubai-gratuit.trycloudflare.com — Time: 2026-06-23 12:43:36
[2026-06-23 12:43:36] [INFO] تسجيل URL في Laravel API...
[2026-06-23 12:43:36] [SUCCESS] ✅ URL مسجّل بنجاح في Laravel!
[2026-06-23 12:43:36] [INFO]   → الكاميرات تعمل على: https://controlroom.dubibid.com/surveillance
[2026-06-23 12:43:36] [INFO] النظام يعمل. اضغط Ctrl+C للإيقاف.
[2026-06-23 12:43:36] [INFO] ملف السجل الكامل: /home/yazan/projects/rs-python-stream/system.log

========================================================
  RoadShield System Log
  Session started: 2026-06-23 13:17:08
========================================================
[2026-06-23 13:17:08] [EVENT] === SESSION START ===
[2026-06-23 13:17:08] [INFO] ملف السجل: ./system.log
[2026-06-23 13:17:08] [INFO] السيرفر: https://controlroom.dubibid.com
[2026-06-23 13:17:08] [INFO] المحلي:  MediaMTX ← كاميرات Hikvision
[2026-06-23 13:17:08] [INFO] ⏳ انتظار الاتصال بالإنترنت (مهلة: 120 ثانية)...
[2026-06-23 13:17:08] [INFO]    جهاز التحقق: 1.1.1.1
[2026-06-23 13:17:17] [WARN]   لا يوجد إنترنت بعد... (10/120 ثانية)
[2026-06-23 13:17:27] [WARN]   لا يوجد إنترنت بعد... (20/120 ثانية)
[2026-06-23 13:17:33] [EVENT] ✅ تم الحصول على الإنترنت في: 2026-06-23 13:17:33 (بعد 25 ثانية من بدء التشغيل)
[2026-06-23 13:17:33] [SUCCESS] ✅ الإنترنت متاح! (25s)
[2026-06-23 13:17:33] [INFO] تشغيل MediaMTX...
[2026-06-23 13:17:34] [EVENT] MediaMTX started — PID: 2176 — Time: 2026-06-23 13:17:34
[2026-06-23 13:46:32] [INFO] MediaMTX يعمل (PID: 2176)
[2026-06-23 13:46:32] [INFO] تشغيل camera-control.py (PTZ agent)...
[2026-06-23 13:46:33] [EVENT] camera-control.py started — PID: 2192 — Time: 2026-06-23 13:46:33
[2026-06-23 13:46:33] [INFO] camera-control.py يعمل (PID: 2192)
[2026-06-23 13:46:33] [INFO] تشغيل Cloudflare Tunnel...
[2026-06-23 13:46:33] [EVENT] Cloudflare Tunnel starting — Time: 2026-06-23 13:46:33
[2026-06-23 13:46:33] [INFO] انتظار URL من Cloudflare...
[2026-06-23 13:46:39] [EVENT] Cloudflare Tunnel URL received: https://killing-cinema-cet-instance.trycloudflare.com — Time: 2026-06-23 13:46:39
[2026-06-23 13:46:39] [INFO] تسجيل URL في Laravel API...
[2026-06-23 13:46:39] [SUCCESS] ✅ URL مسجّل بنجاح في Laravel!
[2026-06-23 13:46:39] [INFO]   → الكاميرات تعمل على: https://controlroom.dubibid.com/surveillance
[2026-06-23 13:46:39] [INFO] النظام يعمل. اضغط Ctrl+C للإيقاف.
[2026-06-23 13:46:39] [INFO] ملف السجل الكامل: /home/yazan/projects/rs-python-stream/system.log

========================================================
  RoadShield System Log
  Session started: 2026-06-23 20:01:34
========================================================
[2026-06-23 20:01:34] [EVENT] === SESSION START ===
[2026-06-23 20:01:34] [INFO] ملف السجل: ./system.log
[2026-06-23 20:01:34] [INFO] السيرفر: https://controlroom.dubibid.com
[2026-06-23 20:01:34] [INFO] المحلي:  MediaMTX ← كاميرات Hikvision
[2026-06-23 20:01:34] [INFO] ⏳ انتظار الاتصال بالإنترنت (مهلة: 120 ثانية)...
[2026-06-23 20:01:34] [INFO]    جهاز التحقق: 1.1.1.1
[2026-06-23 20:01:43] [WARN]   لا يوجد إنترنت بعد... (10/120 ثانية)
[2026-06-23 20:01:53] [WARN]   لا يوجد إنترنت بعد... (20/120 ثانية)
[2026-06-23 20:02:03] [WARN]   لا يوجد إنترنت بعد... (30/120 ثانية)
[2026-06-23 20:02:13] [WARN]   لا يوجد إنترنت بعد... (40/120 ثانية)
[2026-06-23 20:02:23] [WARN]   لا يوجد إنترنت بعد... (50/120 ثانية)
[2026-06-23 20:02:33] [WARN]   لا يوجد إنترنت بعد... (60/120 ثانية)

========================================================
  RoadShield System Log
  Session started: 2026-06-23 20:01:34
========================================================
[2026-06-23 20:01:34] [EVENT] === SESSION START ===
[2026-06-23 20:01:34] [INFO] ملف السجل: ./system.log
[2026-06-23 20:01:34] [INFO] السيرفر: https://controlroom.dubibid.com
[2026-06-23 20:01:34] [INFO] المحلي:  MediaMTX ← كاميرات Hikvision
[2026-06-23 20:01:34] [INFO] ⏳ انتظار الاتصال بالإنترنت (مهلة: 120 ثانية)...
[2026-06-23 20:01:34] [INFO]    جهاز التحقق: 1.1.1.1
[2026-06-23 20:01:43] [WARN]   لا يوجد إنترنت بعد... (10/120 ثانية)
[2026-06-23 20:01:53] [WARN]   لا يوجد إنترنت بعد... (20/120 ثانية)
[2026-06-23 20:02:03] [WARN]   لا يوجد إنترنت بعد... (30/120 ثانية)
[2026-06-23 20:02:13] [WARN]   لا يوجد إنترنت بعد... (40/120 ثانية)
[2026-06-23 20:02:23] [WARN]   لا يوجد إنترنت بعد... (50/120 ثانية)
[2026-06-23 20:02:33] [WARN]   لا يوجد إنترنت بعد... (60/120 ثانية)
[2026-06-23 20:02:43] [WARN]   لا يوجد إنترنت بعد... (70/120 ثانية)
[2026-06-23 20:02:53] [WARN]   لا يوجد إنترنت بعد... (80/120 ثانية)
[2026-06-23 20:03:03] [WARN]   لا يوجد إنترنت بعد... (90/120 ثانية)
[2026-06-23 20:03:13] [WARN]   لا يوجد إنترنت بعد... (100/120 ثانية)
[2026-06-23 20:03:23] [WARN]   لا يوجد إنترنت بعد... (110/120 ثانية)
[2026-06-23 20:03:33] [ERROR] ❌ انتهت مهلة انتظار الإنترنت (120 ثانية) بدون اتصال.
[2026-06-23 20:03:33] [EVENT] INTERNET_TIMEOUT after 120s

========================================================
  RoadShield System Log
  Session started: 2026-06-23 20:03:38
========================================================
[2026-06-23 20:03:38] [EVENT] === SESSION START ===
[2026-06-23 20:03:38] [INFO] ملف السجل: ./system.log
[2026-06-23 20:03:38] [INFO] السيرفر: https://controlroom.dubibid.com
[2026-06-23 20:03:38] [INFO] المحلي:  MediaMTX ← كاميرات Hikvision
[2026-06-23 20:03:38] [INFO] ⏳ انتظار الاتصال بالإنترنت (مهلة: 120 ثانية)...
[2026-06-23 20:03:38] [INFO]    جهاز التحقق: 1.1.1.1
[2026-06-23 20:03:47] [WARN]   لا يوجد إنترنت بعد... (10/120 ثانية)
[2026-06-23 20:03:57] [WARN]   لا يوجد إنترنت بعد... (20/120 ثانية)
[2026-06-23 20:04:07] [WARN]   لا يوجد إنترنت بعد... (30/120 ثانية)
[2026-06-23 20:04:18] [WARN]   لا يوجد إنترنت بعد... (40/120 ثانية)
[2026-06-23 20:04:28] [WARN]   لا يوجد إنترنت بعد... (50/120 ثانية)
[2026-06-23 20:04:38] [WARN]   لا يوجد إنترنت بعد... (60/120 ثانية)
[2026-06-23 20:04:48] [WARN]   لا يوجد إنترنت بعد... (70/120 ثانية)
[2026-06-23 20:04:58] [WARN]   لا يوجد إنترنت بعد... (80/120 ثانية)
[2026-06-23 20:05:08] [WARN]   لا يوجد إنترنت بعد... (90/120 ثانية)
[2026-06-23 20:05:18] [WARN]   لا يوجد إنترنت بعد... (100/120 ثانية)
[2026-06-23 20:05:28] [WARN]   لا يوجد إنترنت بعد... (110/120 ثانية)
[2026-06-23 20:05:38] [ERROR] ❌ انتهت مهلة انتظار الإنترنت (120 ثانية) بدون اتصال.
[2026-06-23 20:05:38] [EVENT] INTERNET_TIMEOUT after 120s

========================================================
  RoadShield System Log
  Session started: 2026-06-23 20:05:43
========================================================
[2026-06-23 20:05:43] [EVENT] === SESSION START ===
[2026-06-23 20:05:43] [INFO] ملف السجل: ./system.log
[2026-06-23 20:05:43] [INFO] السيرفر: https://controlroom.dubibid.com
[2026-06-23 20:05:43] [INFO] المحلي:  MediaMTX ← كاميرات Hikvision
[2026-06-23 20:05:43] [INFO] ⏳ انتظار الاتصال بالإنترنت (مهلة: 120 ثانية)...
[2026-06-23 20:05:43] [INFO]    جهاز التحقق: 1.1.1.1
[2026-06-23 20:05:52] [WARN]   لا يوجد إنترنت بعد... (10/120 ثانية)
[2026-06-23 20:06:02] [WARN]   لا يوجد إنترنت بعد... (20/120 ثانية)
[2026-06-23 20:06:12] [WARN]   لا يوجد إنترنت بعد... (30/120 ثانية)
[2026-06-23 20:06:22] [WARN]   لا يوجد إنترنت بعد... (40/120 ثانية)
[2026-06-23 20:06:32] [WARN]   لا يوجد إنترنت بعد... (50/120 ثانية)
[2026-06-23 20:06:42] [WARN]   لا يوجد إنترنت بعد... (60/120 ثانية)
[2026-06-23 20:06:52] [WARN]   لا يوجد إنترنت بعد... (70/120 ثانية)
[2026-06-23 20:07:03] [WARN]   لا يوجد إنترنت بعد... (80/120 ثانية)
[2026-06-23 20:07:13] [WARN]   لا يوجد إنترنت بعد... (90/120 ثانية)
[2026-06-23 20:07:23] [WARN]   لا يوجد إنترنت بعد... (100/120 ثانية)
[2026-06-23 20:07:33] [WARN]   لا يوجد إنترنت بعد... (110/120 ثانية)
[2026-06-23 20:07:43] [ERROR] ❌ انتهت مهلة انتظار الإنترنت (120 ثانية) بدون اتصال.
[2026-06-23 20:07:43] [EVENT] INTERNET_TIMEOUT after 120s

========================================================
  RoadShield System Log
  Session started: 2026-06-23 20:07:48
========================================================
[2026-06-23 20:07:48] [EVENT] === SESSION START ===
[2026-06-23 20:07:48] [INFO] ملف السجل: ./system.log
[2026-06-23 20:07:48] [INFO] السيرفر: https://controlroom.dubibid.com
[2026-06-23 20:07:48] [INFO] المحلي:  MediaMTX ← كاميرات Hikvision
[2026-06-23 20:07:48] [INFO] ⏳ انتظار الاتصال بالإنترنت (مهلة: 120 ثانية)...
[2026-06-23 20:07:48] [INFO]    جهاز التحقق: 1.1.1.1
[2026-06-23 20:07:57] [WARN]   لا يوجد إنترنت بعد... (10/120 ثانية)
[2026-06-23 20:08:07] [WARN]   لا يوجد إنترنت بعد... (20/120 ثانية)
[2026-06-23 20:08:17] [WARN]   لا يوجد إنترنت بعد... (30/120 ثانية)

========================================================
  RoadShield System Log
  Session started: 2026-06-23 20:01:34
========================================================
[2026-06-23 20:01:34] [EVENT] === SESSION START ===
[2026-06-23 20:01:34] [INFO] ملف السجل: ./system.log
[2026-06-23 20:01:34] [INFO] السيرفر: https://controlroom.dubibid.com
[2026-06-23 20:01:34] [INFO] المحلي:  MediaMTX ← كاميرات Hikvision
[2026-06-23 20:01:34] [INFO] ⏳ انتظار الاتصال بالإنترنت (مهلة: 120 ثانية)...
[2026-06-23 20:01:34] [INFO]    جهاز التحقق: 1.1.1.1
[2026-06-23 20:01:43] [WARN]   لا يوجد إنترنت بعد... (10/120 ثانية)
[2026-06-23 20:01:53] [WARN]   لا يوجد إنترنت بعد... (20/120 ثانية)
[2026-06-23 20:02:03] [WARN]   لا يوجد إنترنت بعد... (30/120 ثانية)
[2026-06-23 20:02:13] [WARN]   لا يوجد إنترنت بعد... (40/120 ثانية)
[2026-06-23 20:02:23] [WARN]   لا يوجد إنترنت بعد... (50/120 ثانية)
[2026-06-23 20:02:33] [WARN]   لا يوجد إنترنت بعد... (60/120 ثانية)
[2026-06-23 20:02:43] [WARN]   لا يوجد إنترنت بعد... (70/120 ثانية)
[2026-06-23 20:02:53] [WARN]   لا يوجد إنترنت بعد... (80/120 ثانية)
[2026-06-23 20:03:03] [WARN]   لا يوجد إنترنت بعد... (90/120 ثانية)
[2026-06-23 20:03:13] [WARN]   لا يوجد إنترنت بعد... (100/120 ثانية)
[2026-06-23 20:03:23] [WARN]   لا يوجد إنترنت بعد... (110/120 ثانية)
[2026-06-23 20:03:33] [ERROR] ❌ انتهت مهلة انتظار الإنترنت (120 ثانية) بدون اتصال.
[2026-06-23 20:03:33] [EVENT] INTERNET_TIMEOUT after 120s

========================================================
  RoadShield System Log
  Session started: 2026-06-23 20:03:38
========================================================
[2026-06-23 20:03:38] [EVENT] === SESSION START ===
[2026-06-23 20:03:38] [INFO] ملف السجل: ./system.log
[2026-06-23 20:03:38] [INFO] السيرفر: https://controlroom.dubibid.com
[2026-06-23 20:03:38] [INFO] المحلي:  MediaMTX ← كاميرات Hikvision
[2026-06-23 20:03:38] [INFO] ⏳ انتظار الاتصال بالإنترنت (مهلة: 120 ثانية)...
[2026-06-23 20:03:38] [INFO]    جهاز التحقق: 1.1.1.1
[2026-06-23 20:03:48] [WARN]   لا يوجد إنترنت بعد... (10/120 ثانية)

========================================================
  RoadShield System Log
  Session started: 2026-06-23 20:01:34
========================================================
[2026-06-23 20:01:34] [EVENT] === SESSION START ===
[2026-06-23 20:01:34] [INFO] ملف السجل: ./system.log
[2026-06-23 20:01:34] [INFO] السيرفر: https://controlroom.dubibid.com
[2026-06-23 20:01:34] [INFO] المحلي:  MediaMTX ← كاميرات Hikvision
[2026-06-23 20:01:34] [INFO] ⏳ انتظار الاتصال بالإنترنت (مهلة: 120 ثانية)...
[2026-06-23 20:01:34] [INFO]    جهاز التحقق: 1.1.1.1
[2026-06-23 20:01:43] [WARN]   لا يوجد إنترنت بعد... (10/120 ثانية)
[2026-06-23 20:01:47] [EVENT] ✅ تم الحصول على الإنترنت في: 2026-06-23 20:01:47 (بعد 13 ثانية من بدء التشغيل)
[2026-06-23 20:01:47] [SUCCESS] ✅ الإنترنت متاح! (13s)
[2026-06-23 20:01:47] [INFO] تشغيل MediaMTX...
[2026-06-23 20:01:48] [EVENT] MediaMTX started — PID: 2158 — Time: 2026-06-23 20:01:48
[2026-06-23 20:01:50] [INFO] MediaMTX يعمل (PID: 2158)
[2026-06-23 20:01:50] [INFO] تشغيل camera-control.py (PTZ agent)...
[2026-06-23 20:01:51] [EVENT] camera-control.py started — PID: 2186 — Time: 2026-06-23 20:01:51
[2026-06-23 20:01:51] [INFO] camera-control.py يعمل (PID: 2186)
[2026-06-23 20:01:51] [INFO] تشغيل Cloudflare Tunnel...
[2026-06-23 20:01:51] [EVENT] Cloudflare Tunnel starting — Time: 2026-06-23 20:01:51
[2026-06-23 20:01:51] [INFO] انتظار URL من Cloudflare...
[2026-06-23 20:01:57] [EVENT] Cloudflare Tunnel URL received: https://burke-careers-aspects-working.trycloudflare.com — Time: 2026-06-23 20:01:57
[2026-06-23 20:01:57] [INFO] تسجيل URL في Laravel API...
[2026-06-23 20:01:58] [SUCCESS] ✅ URL مسجّل بنجاح في Laravel!
[2026-06-23 20:01:58] [INFO]   → الكاميرات تعمل على: https://controlroom.dubibid.com/surveillance
[2026-06-23 20:01:58] [INFO] النظام يعمل. اضغط Ctrl+C للإيقاف.
[2026-06-23 20:01:58] [INFO] ملف السجل الكامل: /home/yazan/projects/rs-python-stream/system.log
[2026-07-01 12:08:22] [INFO] إيقاف النظام...
[2026-07-01 12:08:22] [INFO] إلغاء تسجيل URL من Laravel...
[2026-07-01 12:08:23] [INFO] URL أُلغي تسجيله.
[2026-07-01 12:08:23] [EVENT] === SESSION END ===
[2026-07-01 12:08:23] [INFO] تم الإيقاف بنجاح.

========================================================
  RoadShield System Log
  Session started: 2026-07-01 12:09:08
========================================================
[2026-07-01 12:09:08] [EVENT] === SESSION START ===
[2026-07-01 12:09:08] [INFO] ملف السجل: ./system.log
[2026-07-01 12:09:08] [INFO] السيرفر: https://controlroom.dubibid.com
[2026-07-01 12:09:08] [INFO] المحلي:  MediaMTX ← كاميرات Hikvision
[2026-07-01 12:09:08] [INFO] ⏳ انتظار الاتصال بالإنترنت (مهلة: 120 ثانية)...
[2026-07-01 12:09:08] [INFO]    جهاز التحقق: 1.1.1.1
[2026-07-01 12:09:17] [WARN]   لا يوجد إنترنت بعد... (10/120 ثانية)
[2026-07-01 12:09:21] [EVENT] ✅ تم الحصول على الإنترنت في: 2026-07-01 12:09:21 (بعد 13 ثانية من بدء التشغيل)
[2026-07-01 12:09:21] [SUCCESS] ✅ الإنترنت متاح! (13s)
[2026-07-01 12:09:21] [INFO] تشغيل MediaMTX...
[2026-07-01 12:09:22] [EVENT] MediaMTX started — PID: 2162 — Time: 2026-07-01 12:09:22
[2026-07-01 12:09:24] [INFO] MediaMTX يعمل (PID: 2162)
[2026-07-01 12:09:24] [INFO] تشغيل camera-control.py (PTZ agent)...
[2026-07-01 12:09:25] [EVENT] camera-control.py started — PID: 2299 — Time: 2026-07-01 12:09:25
[2026-07-01 12:09:25] [INFO] camera-control.py يعمل (PID: 2299)
[2026-07-01 12:09:25] [INFO] تشغيل Cloudflare Tunnel...
[2026-07-01 12:09:25] [EVENT] Cloudflare Tunnel starting — Time: 2026-07-01 12:09:25
[2026-07-01 12:09:25] [INFO] انتظار URL من Cloudflare...
[2026-07-01 12:09:32] [EVENT] Cloudflare Tunnel URL received: https://albuquerque-lines-ray-perception.trycloudflare.com — Time: 2026-07-01 12:09:32
[2026-07-01 12:09:32] [INFO] تسجيل URL في Laravel API...
[2026-07-01 12:09:32] [SUCCESS] ✅ URL مسجّل بنجاح في Laravel!
[2026-07-01 12:09:32] [INFO]   → الكاميرات تعمل على: https://controlroom.dubibid.com/surveillance
[2026-07-01 12:09:32] [INFO] النظام يعمل. اضغط Ctrl+C للإيقاف.
[2026-07-01 12:09:32] [INFO] ملف السجل الكامل: /home/yazan/projects/rs-python-stream/system.log

========================================================
  RoadShield System Log
  Session started: 2026-07-01 12:13:22
========================================================
[2026-07-01 12:13:22] [EVENT] === SESSION START ===
[2026-07-01 12:13:22] [INFO] ملف السجل: ./system.log
[2026-07-01 12:13:22] [INFO] السيرفر: https://controlroom.dubibid.com
[2026-07-01 12:13:22] [INFO] المحلي:  MediaMTX ← كاميرات Hikvision
[2026-07-01 12:13:22] [INFO] ⏳ انتظار الاتصال بالإنترنت (مهلة: 120 ثانية)...
[2026-07-01 12:13:22] [INFO]    جهاز التحقق: 1.1.1.1
[2026-07-01 12:13:31] [WARN]   لا يوجد إنترنت بعد... (10/120 ثانية)
[2026-07-01 12:13:41] [WARN]   لا يوجد إنترنت بعد... (20/120 ثانية)
[2026-07-01 12:13:51] [WARN]   لا يوجد إنترنت بعد... (30/120 ثانية)
[2026-07-01 12:14:01] [WARN]   لا يوجد إنترنت بعد... (40/120 ثانية)
[2026-07-01 12:14:11] [WARN]   لا يوجد إنترنت بعد... (50/120 ثانية)
[2026-07-01 12:14:21] [WARN]   لا يوجد إنترنت بعد... (60/120 ثانية)
[2026-07-01 12:14:32] [WARN]   لا يوجد إنترنت بعد... (70/120 ثانية)
[2026-07-01 12:14:42] [WARN]   لا يوجد إنترنت بعد... (80/120 ثانية)
[2026-07-01 12:14:52] [WARN]   لا يوجد إنترنت بعد... (90/120 ثانية)
[2026-07-01 12:15:02] [WARN]   لا يوجد إنترنت بعد... (100/120 ثانية)
[2026-07-01 12:15:12] [WARN]   لا يوجد إنترنت بعد... (110/120 ثانية)
[2026-07-01 12:15:22] [ERROR] ❌ انتهت مهلة انتظار الإنترنت (120 ثانية) بدون اتصال.
[2026-07-01 12:15:22] [EVENT] INTERNET_TIMEOUT after 120s

========================================================
  RoadShield System Log
  Session started: 2026-07-01 12:15:27
========================================================
[2026-07-01 12:15:27] [EVENT] === SESSION START ===
[2026-07-01 12:15:27] [INFO] ملف السجل: ./system.log
[2026-07-01 12:15:27] [INFO] السيرفر: https://controlroom.dubibid.com
[2026-07-01 12:15:27] [INFO] المحلي:  MediaMTX ← كاميرات Hikvision
[2026-07-01 12:15:27] [INFO] ⏳ انتظار الاتصال بالإنترنت (مهلة: 120 ثانية)...
[2026-07-01 12:15:27] [INFO]    جهاز التحقق: 1.1.1.1
[2026-07-01 12:15:36] [WARN]   لا يوجد إنترنت بعد... (10/120 ثانية)
[2026-07-01 12:15:46] [WARN]   لا يوجد إنترنت بعد... (20/120 ثانية)
[2026-07-01 12:15:56] [WARN]   لا يوجد إنترنت بعد... (30/120 ثانية)
[2026-07-01 12:16:06] [WARN]   لا يوجد إنترنت بعد... (40/120 ثانية)
[2026-07-01 12:16:16] [WARN]   لا يوجد إنترنت بعد... (50/120 ثانية)
[2026-07-01 12:16:26] [WARN]   لا يوجد إنترنت بعد... (60/120 ثانية)
[2026-07-01 12:16:36] [WARN]   لا يوجد إنترنت بعد... (70/120 ثانية)
[2026-07-01 12:16:46] [WARN]   لا يوجد إنترنت بعد... (80/120 ثانية)
[2026-07-01 12:16:56] [WARN]   لا يوجد إنترنت بعد... (90/120 ثانية)
[2026-07-01 12:17:06] [WARN]   لا يوجد إنترنت بعد... (100/120 ثانية)
[2026-07-01 12:17:16] [WARN]   لا يوجد إنترنت بعد... (110/120 ثانية)
[2026-07-01 12:17:27] [ERROR] ❌ انتهت مهلة انتظار الإنترنت (120 ثانية) بدون اتصال.
[2026-07-01 12:17:27] [EVENT] INTERNET_TIMEOUT after 120s

========================================================
  RoadShield System Log
  Session started: 2026-07-01 12:17:32
========================================================
[2026-07-01 12:17:32] [EVENT] === SESSION START ===
[2026-07-01 12:17:32] [INFO] ملف السجل: ./system.log
[2026-07-01 12:17:32] [INFO] السيرفر: https://controlroom.dubibid.com
[2026-07-01 12:17:32] [INFO] المحلي:  MediaMTX ← كاميرات Hikvision
[2026-07-01 12:17:32] [INFO] ⏳ انتظار الاتصال بالإنترنت (مهلة: 120 ثانية)...
[2026-07-01 12:17:32] [INFO]    جهاز التحقق: 1.1.1.1
[2026-07-01 12:17:41] [WARN]   لا يوجد إنترنت بعد... (10/120 ثانية)
[2026-07-01 12:17:51] [WARN]   لا يوجد إنترنت بعد... (20/120 ثانية)
[2026-07-01 12:18:01] [WARN]   لا يوجد إنترنت بعد... (30/120 ثانية)
[2026-07-01 12:18:11] [WARN]   لا يوجد إنترنت بعد... (40/120 ثانية)
[2026-07-01 12:18:21] [WARN]   لا يوجد إنترنت بعد... (50/120 ثانية)
[2026-07-01 12:18:31] [WARN]   لا يوجد إنترنت بعد... (60/120 ثانية)
[2026-07-01 12:18:41] [WARN]   لا يوجد إنترنت بعد... (70/120 ثانية)
[2026-07-01 12:18:51] [WARN]   لا يوجد إنترنت بعد... (80/120 ثانية)
[2026-07-01 12:19:01] [WARN]   لا يوجد إنترنت بعد... (90/120 ثانية)
[2026-07-01 12:19:11] [WARN]   لا يوجد إنترنت بعد... (100/120 ثانية)
[2026-07-01 12:19:21] [WARN]   لا يوجد إنترنت بعد... (110/120 ثانية)
[2026-07-01 12:19:31] [ERROR] ❌ انتهت مهلة انتظار الإنترنت (120 ثانية) بدون اتصال.
[2026-07-01 12:19:31] [EVENT] INTERNET_TIMEOUT after 120s

========================================================
  RoadShield System Log
  Session started: 2026-07-01 12:19:36
========================================================
[2026-07-01 12:19:36] [EVENT] === SESSION START ===
[2026-07-01 12:19:36] [INFO] ملف السجل: ./system.log
[2026-07-01 12:19:36] [INFO] السيرفر: https://controlroom.dubibid.com
[2026-07-01 12:19:36] [INFO] المحلي:  MediaMTX ← كاميرات Hikvision
[2026-07-01 12:19:36] [INFO] ⏳ انتظار الاتصال بالإنترنت (مهلة: 120 ثانية)...
[2026-07-01 12:19:36] [INFO]    جهاز التحقق: 1.1.1.1
[2026-07-01 12:19:45] [WARN]   لا يوجد إنترنت بعد... (10/120 ثانية)
[2026-07-01 12:19:56] [WARN]   لا يوجد إنترنت بعد... (20/120 ثانية)
[2026-07-01 12:20:06] [WARN]   لا يوجد إنترنت بعد... (30/120 ثانية)
[2026-07-01 12:20:16] [WARN]   لا يوجد إنترنت بعد... (40/120 ثانية)
[2026-07-01 12:20:26] [WARN]   لا يوجد إنترنت بعد... (50/120 ثانية)
[2026-07-01 12:20:36] [WARN]   لا يوجد إنترنت بعد... (60/120 ثانية)
[2026-07-01 12:20:46] [WARN]   لا يوجد إنترنت بعد... (70/120 ثانية)
[2026-07-01 12:20:56] [WARN]   لا يوجد إنترنت بعد... (80/120 ثانية)
[2026-07-01 12:21:06] [WARN]   لا يوجد إنترنت بعد... (90/120 ثانية)
[2026-07-01 12:21:16] [WARN]   لا يوجد إنترنت بعد... (100/120 ثانية)
[2026-07-01 12:21:26] [WARN]   لا يوجد إنترنت بعد... (110/120 ثانية)
[2026-07-01 12:21:36] [ERROR] ❌ انتهت مهلة انتظار الإنترنت (120 ثانية) بدون اتصال.
[2026-07-01 12:21:36] [EVENT] INTERNET_TIMEOUT after 120s

========================================================
  RoadShield System Log
  Session started: 2026-07-01 12:21:41
========================================================
[2026-07-01 12:21:41] [EVENT] === SESSION START ===
[2026-07-01 12:21:41] [INFO] ملف السجل: ./system.log
[2026-07-01 12:21:41] [INFO] السيرفر: https://controlroom.dubibid.com
[2026-07-01 12:21:41] [INFO] المحلي:  MediaMTX ← كاميرات Hikvision
[2026-07-01 12:21:41] [INFO] ⏳ انتظار الاتصال بالإنترنت (مهلة: 120 ثانية)...
[2026-07-01 12:21:41] [INFO]    جهاز التحقق: 1.1.1.1
[2026-07-01 12:21:50] [WARN]   لا يوجد إنترنت بعد... (10/120 ثانية)
[2026-07-01 12:22:00] [WARN]   لا يوجد إنترنت بعد... (20/120 ثانية)
[2026-07-01 12:22:10] [WARN]   لا يوجد إنترنت بعد... (30/120 ثانية)
[2026-07-01 12:22:20] [WARN]   لا يوجد إنترنت بعد... (40/120 ثانية)
[2026-07-01 12:22:30] [WARN]   لا يوجد إنترنت بعد... (50/120 ثانية)
[2026-07-01 12:22:41] [WARN]   لا يوجد إنترنت بعد... (60/120 ثانية)
[2026-07-01 12:22:51] [WARN]   لا يوجد إنترنت بعد... (70/120 ثانية)
[2026-07-01 12:23:01] [WARN]   لا يوجد إنترنت بعد... (80/120 ثانية)
[2026-07-01 12:23:11] [WARN]   لا يوجد إنترنت بعد... (90/120 ثانية)
[2026-07-01 12:23:21] [WARN]   لا يوجد إنترنت بعد... (100/120 ثانية)
[2026-07-01 12:23:31] [WARN]   لا يوجد إنترنت بعد... (110/120 ثانية)
[2026-07-01 12:23:41] [ERROR] ❌ انتهت مهلة انتظار الإنترنت (120 ثانية) بدون اتصال.
[2026-07-01 12:23:41] [EVENT] INTERNET_TIMEOUT after 120s

========================================================
  RoadShield System Log
  Session started: 2026-07-01 12:23:46
========================================================
[2026-07-01 12:23:46] [EVENT] === SESSION START ===
[2026-07-01 12:23:46] [INFO] ملف السجل: ./system.log
[2026-07-01 12:23:46] [INFO] السيرفر: https://controlroom.dubibid.com
[2026-07-01 12:23:46] [INFO] المحلي:  MediaMTX ← كاميرات Hikvision
[2026-07-01 12:23:46] [INFO] ⏳ انتظار الاتصال بالإنترنت (مهلة: 120 ثانية)...
[2026-07-01 12:23:46] [INFO]    جهاز التحقق: 1.1.1.1
[2026-07-01 12:23:55] [WARN]   لا يوجد إنترنت بعد... (10/120 ثانية)
[2026-07-01 12:24:05] [WARN]   لا يوجد إنترنت بعد... (20/120 ثانية)
[2026-07-01 12:24:15] [WARN]   لا يوجد إنترنت بعد... (30/120 ثانية)
[2026-07-01 12:24:25] [WARN]   لا يوجد إنترنت بعد... (40/120 ثانية)
[2026-07-01 12:24:35] [WARN]   لا يوجد إنترنت بعد... (50/120 ثانية)
[2026-07-01 12:24:45] [WARN]   لا يوجد إنترنت بعد... (60/120 ثانية)
[2026-07-01 12:24:55] [WARN]   لا يوجد إنترنت بعد... (70/120 ثانية)
[2026-07-01 12:25:05] [WARN]   لا يوجد إنترنت بعد... (80/120 ثانية)
[2026-07-01 12:25:15] [WARN]   لا يوجد إنترنت بعد... (90/120 ثانية)
[2026-07-01 12:25:25] [WARN]   لا يوجد إنترنت بعد... (100/120 ثانية)
[2026-07-01 12:25:36] [WARN]   لا يوجد إنترنت بعد... (110/120 ثانية)
[2026-07-01 12:25:46] [ERROR] ❌ انتهت مهلة انتظار الإنترنت (120 ثانية) بدون اتصال.
[2026-07-01 12:25:46] [EVENT] INTERNET_TIMEOUT after 120s

========================================================
  RoadShield System Log
  Session started: 2026-07-01 12:25:51
========================================================
[2026-07-01 12:25:51] [EVENT] === SESSION START ===
[2026-07-01 12:25:51] [INFO] ملف السجل: ./system.log
[2026-07-01 12:25:51] [INFO] السيرفر: https://controlroom.dubibid.com
[2026-07-01 12:25:51] [INFO] المحلي:  MediaMTX ← كاميرات Hikvision
[2026-07-01 12:25:51] [INFO] ⏳ انتظار الاتصال بالإنترنت (مهلة: 120 ثانية)...
[2026-07-01 12:25:51] [INFO]    جهاز التحقق: 1.1.1.1
[2026-07-01 12:26:00] [WARN]   لا يوجد إنترنت بعد... (10/120 ثانية)
[2026-07-01 12:26:10] [WARN]   لا يوجد إنترنت بعد... (20/120 ثانية)
[2026-07-01 12:26:20] [WARN]   لا يوجد إنترنت بعد... (30/120 ثانية)
[2026-07-01 12:26:30] [WARN]   لا يوجد إنترنت بعد... (40/120 ثانية)
[2026-07-01 12:26:40] [WARN]   لا يوجد إنترنت بعد... (50/120 ثانية)
[2026-07-01 12:26:50] [WARN]   لا يوجد إنترنت بعد... (60/120 ثانية)
[2026-07-01 12:27:00] [WARN]   لا يوجد إنترنت بعد... (70/120 ثانية)
[2026-07-01 12:27:10] [WARN]   لا يوجد إنترنت بعد... (80/120 ثانية)
[2026-07-01 12:27:20] [WARN]   لا يوجد إنترنت بعد... (90/120 ثانية)
[2026-07-01 12:27:30] [WARN]   لا يوجد إنترنت بعد... (100/120 ثانية)
[2026-07-01 12:27:40] [WARN]   لا يوجد إنترنت بعد... (110/120 ثانية)
[2026-07-01 12:27:50] [ERROR] ❌ انتهت مهلة انتظار الإنترنت (120 ثانية) بدون اتصال.
[2026-07-01 12:27:50] [EVENT] INTERNET_TIMEOUT after 120s

========================================================
  RoadShield System Log
  Session started: 2026-07-01 12:27:55
========================================================
[2026-07-01 12:27:55] [EVENT] === SESSION START ===
[2026-07-01 12:27:55] [INFO] ملف السجل: ./system.log
[2026-07-01 12:27:55] [INFO] السيرفر: https://controlroom.dubibid.com
[2026-07-01 12:27:55] [INFO] المحلي:  MediaMTX ← كاميرات Hikvision
[2026-07-01 12:27:55] [INFO] ⏳ انتظار الاتصال بالإنترنت (مهلة: 120 ثانية)...
[2026-07-01 12:27:55] [INFO]    جهاز التحقق: 1.1.1.1
[2026-07-01 12:28:04] [WARN]   لا يوجد إنترنت بعد... (10/120 ثانية)
[2026-07-01 12:28:15] [WARN]   لا يوجد إنترنت بعد... (20/120 ثانية)
[2026-07-01 12:28:25] [WARN]   لا يوجد إنترنت بعد... (30/120 ثانية)
[2026-07-01 12:28:35] [WARN]   لا يوجد إنترنت بعد... (40/120 ثانية)
[2026-07-01 12:28:45] [WARN]   لا يوجد إنترنت بعد... (50/120 ثانية)
[2026-07-01 12:28:55] [WARN]   لا يوجد إنترنت بعد... (60/120 ثانية)
[2026-07-01 12:29:05] [WARN]   لا يوجد إنترنت بعد... (70/120 ثانية)
[2026-07-01 12:29:15] [WARN]   لا يوجد إنترنت بعد... (80/120 ثانية)
[2026-07-01 12:29:25] [WARN]   لا يوجد إنترنت بعد... (90/120 ثانية)
[2026-07-01 12:29:35] [WARN]   لا يوجد إنترنت بعد... (100/120 ثانية)
[2026-07-01 12:29:45] [WARN]   لا يوجد إنترنت بعد... (110/120 ثانية)
[2026-07-01 12:29:55] [ERROR] ❌ انتهت مهلة انتظار الإنترنت (120 ثانية) بدون اتصال.
[2026-07-01 12:29:55] [EVENT] INTERNET_TIMEOUT after 120s

========================================================
  RoadShield System Log
  Session started: 2026-07-01 12:30:00
========================================================
[2026-07-01 12:30:00] [EVENT] === SESSION START ===
[2026-07-01 12:30:00] [INFO] ملف السجل: ./system.log
[2026-07-01 12:30:00] [INFO] السيرفر: https://controlroom.dubibid.com
[2026-07-01 12:30:00] [INFO] المحلي:  MediaMTX ← كاميرات Hikvision
[2026-07-01 12:30:00] [INFO] ⏳ انتظار الاتصال بالإنترنت (مهلة: 120 ثانية)...
[2026-07-01 12:30:00] [INFO]    جهاز التحقق: 1.1.1.1
[2026-07-01 12:30:09] [WARN]   لا يوجد إنترنت بعد... (10/120 ثانية)
[2026-07-01 12:30:19] [WARN]   لا يوجد إنترنت بعد... (20/120 ثانية)
[2026-07-01 12:30:29] [WARN]   لا يوجد إنترنت بعد... (30/120 ثانية)
[2026-07-01 12:30:39] [WARN]   لا يوجد إنترنت بعد... (40/120 ثانية)
[2026-07-01 12:30:49] [WARN]   لا يوجد إنترنت بعد... (50/120 ثانية)
[2026-07-01 12:31:00] [WARN]   لا يوجد إنترنت بعد... (60/120 ثانية)
[2026-07-01 12:31:10] [WARN]   لا يوجد إنترنت بعد... (70/120 ثانية)
[2026-07-01 12:31:20] [WARN]   لا يوجد إنترنت بعد... (80/120 ثانية)
[2026-07-01 12:31:30] [WARN]   لا يوجد إنترنت بعد... (90/120 ثانية)
[2026-07-01 12:31:40] [WARN]   لا يوجد إنترنت بعد... (100/120 ثانية)
[2026-07-01 12:31:50] [WARN]   لا يوجد إنترنت بعد... (110/120 ثانية)
[2026-07-01 12:32:00] [ERROR] ❌ انتهت مهلة انتظار الإنترنت (120 ثانية) بدون اتصال.
[2026-07-01 12:32:00] [EVENT] INTERNET_TIMEOUT after 120s

========================================================
  RoadShield System Log
  Session started: 2026-07-01 12:32:05
========================================================
[2026-07-01 12:32:05] [EVENT] === SESSION START ===
[2026-07-01 12:32:05] [INFO] ملف السجل: ./system.log
[2026-07-01 12:32:05] [INFO] السيرفر: https://controlroom.dubibid.com
[2026-07-01 12:32:05] [INFO] المحلي:  MediaMTX ← كاميرات Hikvision
[2026-07-01 12:32:05] [INFO] ⏳ انتظار الاتصال بالإنترنت (مهلة: 120 ثانية)...
[2026-07-01 12:32:05] [INFO]    جهاز التحقق: 1.1.1.1
[2026-07-01 12:32:14] [WARN]   لا يوجد إنترنت بعد... (10/120 ثانية)
[2026-07-01 12:32:24] [WARN]   لا يوجد إنترنت بعد... (20/120 ثانية)
[2026-07-01 12:32:34] [WARN]   لا يوجد إنترنت بعد... (30/120 ثانية)
[2026-07-01 12:32:44] [WARN]   لا يوجد إنترنت بعد... (40/120 ثانية)
[2026-07-01 12:32:54] [WARN]   لا يوجد إنترنت بعد... (50/120 ثانية)
[2026-07-01 12:33:04] [WARN]   لا يوجد إنترنت بعد... (60/120 ثانية)
[2026-07-01 12:33:14] [WARN]   لا يوجد إنترنت بعد... (70/120 ثانية)
[2026-07-01 12:33:24] [WARN]   لا يوجد إنترنت بعد... (80/120 ثانية)
[2026-07-01 12:33:34] [WARN]   لا يوجد إنترنت بعد... (90/120 ثانية)
[2026-07-01 12:33:44] [WARN]   لا يوجد إنترنت بعد... (100/120 ثانية)
[2026-07-01 12:33:55] [WARN]   لا يوجد إنترنت بعد... (110/120 ثانية)
[2026-07-01 12:34:05] [ERROR] ❌ انتهت مهلة انتظار الإنترنت (120 ثانية) بدون اتصال.
[2026-07-01 12:34:05] [EVENT] INTERNET_TIMEOUT after 120s

========================================================
  RoadShield System Log
  Session started: 2026-07-01 12:34:10
========================================================
[2026-07-01 12:34:10] [EVENT] === SESSION START ===
[2026-07-01 12:34:10] [INFO] ملف السجل: ./system.log
[2026-07-01 12:34:10] [INFO] السيرفر: https://controlroom.dubibid.com
[2026-07-01 12:34:10] [INFO] المحلي:  MediaMTX ← كاميرات Hikvision
[2026-07-01 12:34:10] [INFO] ⏳ انتظار الاتصال بالإنترنت (مهلة: 120 ثانية)...
[2026-07-01 12:34:10] [INFO]    جهاز التحقق: 1.1.1.1
[2026-07-01 12:34:19] [WARN]   لا يوجد إنترنت بعد... (10/120 ثانية)
[2026-07-01 12:34:29] [WARN]   لا يوجد إنترنت بعد... (20/120 ثانية)
[2026-07-01 12:34:39] [WARN]   لا يوجد إنترنت بعد... (30/120 ثانية)
[2026-07-01 12:34:49] [WARN]   لا يوجد إنترنت بعد... (40/120 ثانية)
[2026-07-01 12:34:59] [WARN]   لا يوجد إنترنت بعد... (50/120 ثانية)
[2026-07-01 12:35:09] [WARN]   لا يوجد إنترنت بعد... (60/120 ثانية)
[2026-07-01 12:35:19] [WARN]   لا يوجد إنترنت بعد... (70/120 ثانية)
[2026-07-01 12:35:29] [WARN]   لا يوجد إنترنت بعد... (80/120 ثانية)
[2026-07-01 12:35:39] [WARN]   لا يوجد إنترنت بعد... (90/120 ثانية)
[2026-07-01 12:35:49] [WARN]   لا يوجد إنترنت بعد... (100/120 ثانية)
[2026-07-01 12:35:59] [WARN]   لا يوجد إنترنت بعد... (110/120 ثانية)
[2026-07-01 12:36:09] [ERROR] ❌ انتهت مهلة انتظار الإنترنت (120 ثانية) بدون اتصال.
[2026-07-01 12:36:09] [EVENT] INTERNET_TIMEOUT after 120s

========================================================
  RoadShield System Log
  Session started: 2026-07-01 12:36:14
========================================================
[2026-07-01 12:36:14] [EVENT] === SESSION START ===
[2026-07-01 12:36:14] [INFO] ملف السجل: ./system.log
[2026-07-01 12:36:14] [INFO] السيرفر: https://controlroom.dubibid.com
[2026-07-01 12:36:14] [INFO] المحلي:  MediaMTX ← كاميرات Hikvision
[2026-07-01 12:36:14] [INFO] ⏳ انتظار الاتصال بالإنترنت (مهلة: 120 ثانية)...
[2026-07-01 12:36:14] [INFO]    جهاز التحقق: 1.1.1.1
[2026-07-01 12:36:23] [WARN]   لا يوجد إنترنت بعد... (10/120 ثانية)
[2026-07-01 12:36:34] [WARN]   لا يوجد إنترنت بعد... (20/120 ثانية)
[2026-07-01 12:36:44] [WARN]   لا يوجد إنترنت بعد... (30/120 ثانية)
[2026-07-01 12:36:54] [WARN]   لا يوجد إنترنت بعد... (40/120 ثانية)
[2026-07-01 12:37:04] [WARN]   لا يوجد إنترنت بعد... (50/120 ثانية)
[2026-07-01 12:37:14] [WARN]   لا يوجد إنترنت بعد... (60/120 ثانية)
[2026-07-01 12:37:24] [WARN]   لا يوجد إنترنت بعد... (70/120 ثانية)
[2026-07-01 12:37:34] [WARN]   لا يوجد إنترنت بعد... (80/120 ثانية)
[2026-07-01 12:37:44] [WARN]   لا يوجد إنترنت بعد... (90/120 ثانية)
[2026-07-01 12:37:54] [WARN]   لا يوجد إنترنت بعد... (100/120 ثانية)
[2026-07-01 12:38:04] [WARN]   لا يوجد إنترنت بعد... (110/120 ثانية)
[2026-07-01 12:38:14] [ERROR] ❌ انتهت مهلة انتظار الإنترنت (120 ثانية) بدون اتصال.
[2026-07-01 12:38:14] [EVENT] INTERNET_TIMEOUT after 120s

========================================================
  RoadShield System Log
  Session started: 2026-07-01 12:38:19
========================================================
[2026-07-01 12:38:19] [EVENT] === SESSION START ===
[2026-07-01 12:38:19] [INFO] ملف السجل: ./system.log
[2026-07-01 12:38:19] [INFO] السيرفر: https://controlroom.dubibid.com
[2026-07-01 12:38:19] [INFO] المحلي:  MediaMTX ← كاميرات Hikvision
[2026-07-01 12:38:19] [INFO] ⏳ انتظار الاتصال بالإنترنت (مهلة: 120 ثانية)...
[2026-07-01 12:38:19] [INFO]    جهاز التحقق: 1.1.1.1
[2026-07-01 12:38:28] [WARN]   لا يوجد إنترنت بعد... (10/120 ثانية)
[2026-07-01 12:38:38] [WARN]   لا يوجد إنترنت بعد... (20/120 ثانية)
[2026-07-01 12:38:48] [WARN]   لا يوجد إنترنت بعد... (30/120 ثانية)
[2026-07-01 12:38:58] [WARN]   لا يوجد إنترنت بعد... (40/120 ثانية)
[2026-07-01 12:39:08] [WARN]   لا يوجد إنترنت بعد... (50/120 ثانية)
[2026-07-01 12:39:19] [WARN]   لا يوجد إنترنت بعد... (60/120 ثانية)
[2026-07-01 12:39:29] [WARN]   لا يوجد إنترنت بعد... (70/120 ثانية)
[2026-07-01 12:39:39] [WARN]   لا يوجد إنترنت بعد... (80/120 ثانية)
[2026-07-01 12:39:49] [WARN]   لا يوجد إنترنت بعد... (90/120 ثانية)
[2026-07-01 12:39:59] [WARN]   لا يوجد إنترنت بعد... (100/120 ثانية)
[2026-07-01 12:40:09] [WARN]   لا يوجد إنترنت بعد... (110/120 ثانية)
[2026-07-01 12:40:19] [ERROR] ❌ انتهت مهلة انتظار الإنترنت (120 ثانية) بدون اتصال.
[2026-07-01 12:40:19] [EVENT] INTERNET_TIMEOUT after 120s

========================================================
  RoadShield System Log
  Session started: 2026-07-01 12:40:24
========================================================
[2026-07-01 12:40:24] [EVENT] === SESSION START ===
[2026-07-01 12:40:24] [INFO] ملف السجل: ./system.log
[2026-07-01 12:40:24] [INFO] السيرفر: https://controlroom.dubibid.com
[2026-07-01 12:40:24] [INFO] المحلي:  MediaMTX ← كاميرات Hikvision
[2026-07-01 12:40:24] [INFO] ⏳ انتظار الاتصال بالإنترنت (مهلة: 120 ثانية)...
[2026-07-01 12:40:24] [INFO]    جهاز التحقق: 1.1.1.1
[2026-07-01 12:40:33] [WARN]   لا يوجد إنترنت بعد... (10/120 ثانية)
[2026-07-01 12:40:43] [WARN]   لا يوجد إنترنت بعد... (20/120 ثانية)
[2026-07-01 12:40:53] [WARN]   لا يوجد إنترنت بعد... (30/120 ثانية)
[2026-07-01 12:41:03] [WARN]   لا يوجد إنترنت بعد... (40/120 ثانية)
[2026-07-01 12:41:13] [WARN]   لا يوجد إنترنت بعد... (50/120 ثانية)
[2026-07-01 12:41:23] [WARN]   لا يوجد إنترنت بعد... (60/120 ثانية)
[2026-07-01 12:41:33] [WARN]   لا يوجد إنترنت بعد... (70/120 ثانية)
[2026-07-01 12:41:43] [WARN]   لا يوجد إنترنت بعد... (80/120 ثانية)
[2026-07-01 12:41:53] [WARN]   لا يوجد إنترنت بعد... (90/120 ثانية)
[2026-07-01 12:42:03] [WARN]   لا يوجد إنترنت بعد... (100/120 ثانية)
[2026-07-01 12:42:14] [WARN]   لا يوجد إنترنت بعد... (110/120 ثانية)
[2026-07-01 12:42:24] [ERROR] ❌ انتهت مهلة انتظار الإنترنت (120 ثانية) بدون اتصال.
[2026-07-01 12:42:24] [EVENT] INTERNET_TIMEOUT after 120s

========================================================
  RoadShield System Log
  Session started: 2026-07-01 12:42:29
========================================================
[2026-07-01 12:42:29] [EVENT] === SESSION START ===
[2026-07-01 12:42:29] [INFO] ملف السجل: ./system.log
[2026-07-01 12:42:29] [INFO] السيرفر: https://controlroom.dubibid.com
[2026-07-01 12:42:29] [INFO] المحلي:  MediaMTX ← كاميرات Hikvision
[2026-07-01 12:42:29] [INFO] ⏳ انتظار الاتصال بالإنترنت (مهلة: 120 ثانية)...
[2026-07-01 12:42:29] [INFO]    جهاز التحقق: 1.1.1.1
[2026-07-01 12:42:38] [WARN]   لا يوجد إنترنت بعد... (10/120 ثانية)
[2026-07-01 12:42:48] [WARN]   لا يوجد إنترنت بعد... (20/120 ثانية)
[2026-07-01 12:42:58] [WARN]   لا يوجد إنترنت بعد... (30/120 ثانية)
[2026-07-01 12:43:08] [WARN]   لا يوجد إنترنت بعد... (40/120 ثانية)
[2026-07-01 12:43:18] [WARN]   لا يوجد إنترنت بعد... (50/120 ثانية)
[2026-07-01 12:43:28] [WARN]   لا يوجد إنترنت بعد... (60/120 ثانية)
[2026-07-01 12:43:38] [WARN]   لا يوجد إنترنت بعد... (70/120 ثانية)
[2026-07-01 12:43:48] [WARN]   لا يوجد إنترنت بعد... (80/120 ثانية)
[2026-07-01 12:43:58] [WARN]   لا يوجد إنترنت بعد... (90/120 ثانية)
[2026-07-01 12:44:08] [WARN]   لا يوجد إنترنت بعد... (100/120 ثانية)
[2026-07-01 12:44:18] [WARN]   لا يوجد إنترنت بعد... (110/120 ثانية)
[2026-07-01 12:44:28] [ERROR] ❌ انتهت مهلة انتظار الإنترنت (120 ثانية) بدون اتصال.
[2026-07-01 12:44:28] [EVENT] INTERNET_TIMEOUT after 120s

========================================================
  RoadShield System Log
  Session started: 2026-07-01 12:44:33
========================================================
[2026-07-01 12:44:33] [EVENT] === SESSION START ===
[2026-07-01 12:44:33] [INFO] ملف السجل: ./system.log
[2026-07-01 12:44:33] [INFO] السيرفر: https://controlroom.dubibid.com
[2026-07-01 12:44:33] [INFO] المحلي:  MediaMTX ← كاميرات Hikvision
[2026-07-01 12:44:33] [INFO] ⏳ انتظار الاتصال بالإنترنت (مهلة: 120 ثانية)...
[2026-07-01 12:44:33] [INFO]    جهاز التحقق: 1.1.1.1
[2026-07-01 12:44:42] [WARN]   لا يوجد إنترنت بعد... (10/120 ثانية)
[2026-07-01 12:44:53] [WARN]   لا يوجد إنترنت بعد... (20/120 ثانية)
[2026-07-01 12:45:03] [WARN]   لا يوجد إنترنت بعد... (30/120 ثانية)
[2026-07-01 12:45:13] [WARN]   لا يوجد إنترنت بعد... (40/120 ثانية)
[2026-07-01 12:45:23] [WARN]   لا يوجد إنترنت بعد... (50/120 ثانية)
[2026-07-01 12:45:33] [WARN]   لا يوجد إنترنت بعد... (60/120 ثانية)
[2026-07-01 12:45:43] [WARN]   لا يوجد إنترنت بعد... (70/120 ثانية)
[2026-07-01 12:45:53] [WARN]   لا يوجد إنترنت بعد... (80/120 ثانية)
[2026-07-01 12:46:03] [WARN]   لا يوجد إنترنت بعد... (90/120 ثانية)
[2026-07-01 12:46:13] [WARN]   لا يوجد إنترنت بعد... (100/120 ثانية)
[2026-07-01 12:46:23] [WARN]   لا يوجد إنترنت بعد... (110/120 ثانية)

========================================================
  RoadShield System Log
  Session started: 2026-07-01 12:13:22
========================================================
[2026-07-01 12:13:22] [EVENT] === SESSION START ===
[2026-07-01 12:13:22] [INFO] ملف السجل: ./system.log
[2026-07-01 12:13:22] [INFO] السيرفر: https://controlroom.dubibid.com
[2026-07-01 12:13:22] [INFO] المحلي:  MediaMTX ← كاميرات Hikvision
[2026-07-01 12:13:22] [INFO] ⏳ انتظار الاتصال بالإنترنت (مهلة: 120 ثانية)...
[2026-07-01 12:13:22] [INFO]    جهاز التحقق: 1.1.1.1
[2026-07-01 12:13:31] [WARN]   لا يوجد إنترنت بعد... (10/120 ثانية)
[2026-07-01 12:13:41] [WARN]   لا يوجد إنترنت بعد... (20/120 ثانية)
[2026-07-01 12:13:51] [WARN]   لا يوجد إنترنت بعد... (30/120 ثانية)
[2026-07-01 12:14:01] [WARN]   لا يوجد إنترنت بعد... (40/120 ثانية)
[2026-07-01 12:14:11] [WARN]   لا يوجد إنترنت بعد... (50/120 ثانية)
[2026-07-01 12:14:22] [WARN]   لا يوجد إنترنت بعد... (60/120 ثانية)
[2026-07-01 12:14:32] [WARN]   لا يوجد إنترنت بعد... (70/120 ثانية)
[2026-07-01 12:14:42] [WARN]   لا يوجد إنترنت بعد... (80/120 ثانية)
[2026-07-01 12:14:52] [WARN]   لا يوجد إنترنت بعد... (90/120 ثانية)
[2026-07-01 12:15:02] [WARN]   لا يوجد إنترنت بعد... (100/120 ثانية)
[2026-07-01 12:15:12] [WARN]   لا يوجد إنترنت بعد... (110/120 ثانية)
[2026-07-01 12:15:22] [ERROR] ❌ انتهت مهلة انتظار الإنترنت (120 ثانية) بدون اتصال.
[2026-07-01 12:15:22] [EVENT] INTERNET_TIMEOUT after 120s

========================================================
  RoadShield System Log
  Session started: 2026-07-01 12:15:27
========================================================
[2026-07-01 12:15:27] [EVENT] === SESSION START ===
[2026-07-01 12:15:27] [INFO] ملف السجل: ./system.log
[2026-07-01 12:15:27] [INFO] السيرفر: https://controlroom.dubibid.com
[2026-07-01 12:15:27] [INFO] المحلي:  MediaMTX ← كاميرات Hikvision
[2026-07-01 12:15:27] [INFO] ⏳ انتظار الاتصال بالإنترنت (مهلة: 120 ثانية)...
[2026-07-01 12:15:27] [INFO]    جهاز التحقق: 1.1.1.1
[2026-07-01 12:15:36] [WARN]   لا يوجد إنترنت بعد... (10/120 ثانية)
[2026-07-01 12:15:46] [WARN]   لا يوجد إنترنت بعد... (20/120 ثانية)
[2026-07-01 12:15:56] [WARN]   لا يوجد إنترنت بعد... (30/120 ثانية)
[2026-07-01 12:16:06] [WARN]   لا يوجد إنترنت بعد... (40/120 ثانية)
[2026-07-01 12:16:16] [WARN]   لا يوجد إنترنت بعد... (50/120 ثانية)
[2026-07-01 12:16:26] [WARN]   لا يوجد إنترنت بعد... (60/120 ثانية)
[2026-07-01 12:16:36] [WARN]   لا يوجد إنترنت بعد... (70/120 ثانية)
[2026-07-01 12:16:46] [WARN]   لا يوجد إنترنت بعد... (80/120 ثانية)
[2026-07-01 12:16:57] [WARN]   لا يوجد إنترنت بعد... (90/120 ثانية)
[2026-07-01 12:17:07] [WARN]   لا يوجد إنترنت بعد... (100/120 ثانية)
[2026-07-01 12:17:17] [WARN]   لا يوجد إنترنت بعد... (110/120 ثانية)
[2026-07-01 12:17:27] [ERROR] ❌ انتهت مهلة انتظار الإنترنت (120 ثانية) بدون اتصال.
[2026-07-01 12:17:27] [EVENT] INTERNET_TIMEOUT after 120s

========================================================
  RoadShield System Log
  Session started: 2026-07-01 12:17:32
========================================================
[2026-07-01 12:17:32] [EVENT] === SESSION START ===
[2026-07-01 12:17:32] [INFO] ملف السجل: ./system.log
[2026-07-01 12:17:32] [INFO] السيرفر: https://controlroom.dubibid.com
[2026-07-01 12:17:32] [INFO] المحلي:  MediaMTX ← كاميرات Hikvision
[2026-07-01 12:17:32] [INFO] ⏳ انتظار الاتصال بالإنترنت (مهلة: 120 ثانية)...
[2026-07-01 12:17:32] [INFO]    جهاز التحقق: 1.1.1.1
[2026-07-01 12:17:41] [WARN]   لا يوجد إنترنت بعد... (10/120 ثانية)
[2026-07-01 12:17:51] [WARN]   لا يوجد إنترنت بعد... (20/120 ثانية)
[2026-07-01 12:18:01] [WARN]   لا يوجد إنترنت بعد... (30/120 ثانية)
[2026-07-01 12:18:11] [WARN]   لا يوجد إنترنت بعد... (40/120 ثانية)
[2026-07-01 12:18:21] [WARN]   لا يوجد إنترنت بعد... (50/120 ثانية)
[2026-07-01 12:18:31] [WARN]   لا يوجد إنترنت بعد... (60/120 ثانية)
[2026-07-01 12:18:41] [WARN]   لا يوجد إنترنت بعد... (70/120 ثانية)
[2026-07-01 12:18:51] [WARN]   لا يوجد إنترنت بعد... (80/120 ثانية)
[2026-07-01 12:19:01] [WARN]   لا يوجد إنترنت بعد... (90/120 ثانية)
[2026-07-01 12:19:11] [WARN]   لا يوجد إنترنت بعد... (100/120 ثانية)
[2026-07-01 12:19:21] [WARN]   لا يوجد إنترنت بعد... (110/120 ثانية)
[2026-07-01 12:19:31] [ERROR] ❌ انتهت مهلة انتظار الإنترنت (120 ثانية) بدون اتصال.
[2026-07-01 12:19:31] [EVENT] INTERNET_TIMEOUT after 120s

========================================================
  RoadShield System Log
  Session started: 2026-07-01 12:19:37
========================================================
[2026-07-01 12:19:37] [EVENT] === SESSION START ===
[2026-07-01 12:19:37] [INFO] ملف السجل: ./system.log
[2026-07-01 12:19:37] [INFO] السيرفر: https://controlroom.dubibid.com
[2026-07-01 12:19:37] [INFO] المحلي:  MediaMTX ← كاميرات Hikvision
[2026-07-01 12:19:37] [INFO] ⏳ انتظار الاتصال بالإنترنت (مهلة: 120 ثانية)...
[2026-07-01 12:19:37] [INFO]    جهاز التحقق: 1.1.1.1
[2026-07-01 12:19:46] [WARN]   لا يوجد إنترنت بعد... (10/120 ثانية)
[2026-07-01 12:19:56] [WARN]   لا يوجد إنترنت بعد... (20/120 ثانية)
[2026-07-01 12:20:06] [WARN]   لا يوجد إنترنت بعد... (30/120 ثانية)
[2026-07-01 12:20:16] [WARN]   لا يوجد إنترنت بعد... (40/120 ثانية)
[2026-07-01 12:20:26] [WARN]   لا يوجد إنترنت بعد... (50/120 ثانية)
[2026-07-01 12:20:36] [WARN]   لا يوجد إنترنت بعد... (60/120 ثانية)
[2026-07-01 12:20:46] [WARN]   لا يوجد إنترنت بعد... (70/120 ثانية)
[2026-07-01 12:20:56] [WARN]   لا يوجد إنترنت بعد... (80/120 ثانية)
[2026-07-01 12:21:06] [WARN]   لا يوجد إنترنت بعد... (90/120 ثانية)
[2026-07-01 12:21:16] [WARN]   لا يوجد إنترنت بعد... (100/120 ثانية)
[2026-07-01 12:21:26] [WARN]   لا يوجد إنترنت بعد... (110/120 ثانية)
[2026-07-01 12:21:36] [ERROR] ❌ انتهت مهلة انتظار الإنترنت (120 ثانية) بدون اتصال.
[2026-07-01 12:21:36] [EVENT] INTERNET_TIMEOUT after 120s

========================================================
  RoadShield System Log
  Session started: 2026-07-01 12:21:41
========================================================
[2026-07-01 12:21:41] [EVENT] === SESSION START ===
[2026-07-01 12:21:41] [INFO] ملف السجل: ./system.log
[2026-07-01 12:21:41] [INFO] السيرفر: https://controlroom.dubibid.com
[2026-07-01 12:21:41] [INFO] المحلي:  MediaMTX ← كاميرات Hikvision
[2026-07-01 12:21:41] [INFO] ⏳ انتظار الاتصال بالإنترنت (مهلة: 120 ثانية)...
[2026-07-01 12:21:41] [INFO]    جهاز التحقق: 1.1.1.1
[2026-07-01 12:21:50] [WARN]   لا يوجد إنترنت بعد... (10/120 ثانية)
[2026-07-01 12:22:00] [WARN]   لا يوجد إنترنت بعد... (20/120 ثانية)
[2026-07-01 12:22:10] [WARN]   لا يوجد إنترنت بعد... (30/120 ثانية)
[2026-07-01 12:22:21] [WARN]   لا يوجد إنترنت بعد... (40/120 ثانية)
[2026-07-01 12:22:31] [WARN]   لا يوجد إنترنت بعد... (50/120 ثانية)
[2026-07-01 12:22:41] [WARN]   لا يوجد إنترنت بعد... (60/120 ثانية)
[2026-07-01 12:22:51] [WARN]   لا يوجد إنترنت بعد... (70/120 ثانية)
[2026-07-01 12:23:01] [WARN]   لا يوجد إنترنت بعد... (80/120 ثانية)
[2026-07-01 12:23:11] [WARN]   لا يوجد إنترنت بعد... (90/120 ثانية)
[2026-07-01 12:23:21] [WARN]   لا يوجد إنترنت بعد... (100/120 ثانية)
[2026-07-01 12:23:31] [WARN]   لا يوجد إنترنت بعد... (110/120 ثانية)
[2026-07-01 12:23:41] [ERROR] ❌ انتهت مهلة انتظار الإنترنت (120 ثانية) بدون اتصال.
[2026-07-01 12:23:41] [EVENT] INTERNET_TIMEOUT after 120s

========================================================
  RoadShield System Log
  Session started: 2026-07-01 12:23:46
========================================================
[2026-07-01 12:23:46] [EVENT] === SESSION START ===
[2026-07-01 12:23:46] [INFO] ملف السجل: ./system.log
[2026-07-01 12:23:46] [INFO] السيرفر: https://controlroom.dubibid.com
[2026-07-01 12:23:46] [INFO] المحلي:  MediaMTX ← كاميرات Hikvision
[2026-07-01 12:23:46] [INFO] ⏳ انتظار الاتصال بالإنترنت (مهلة: 120 ثانية)...
[2026-07-01 12:23:46] [INFO]    جهاز التحقق: 1.1.1.1
[2026-07-01 12:23:55] [WARN]   لا يوجد إنترنت بعد... (10/120 ثانية)
[2026-07-01 12:24:05] [WARN]   لا يوجد إنترنت بعد... (20/120 ثانية)
[2026-07-01 12:24:15] [WARN]   لا يوجد إنترنت بعد... (30/120 ثانية)
[2026-07-01 12:24:25] [WARN]   لا يوجد إنترنت بعد... (40/120 ثانية)
[2026-07-01 12:24:35] [WARN]   لا يوجد إنترنت بعد... (50/120 ثانية)
[2026-07-01 12:24:45] [WARN]   لا يوجد إنترنت بعد... (60/120 ثانية)
[2026-07-01 12:24:55] [WARN]   لا يوجد إنترنت بعد... (70/120 ثانية)
[2026-07-01 12:25:05] [WARN]   لا يوجد إنترنت بعد... (80/120 ثانية)
[2026-07-01 12:25:16] [WARN]   لا يوجد إنترنت بعد... (90/120 ثانية)
[2026-07-01 12:25:26] [WARN]   لا يوجد إنترنت بعد... (100/120 ثانية)
[2026-07-01 12:25:36] [WARN]   لا يوجد إنترنت بعد... (110/120 ثانية)
[2026-07-01 12:25:46] [ERROR] ❌ انتهت مهلة انتظار الإنترنت (120 ثانية) بدون اتصال.
[2026-07-01 12:25:46] [EVENT] INTERNET_TIMEOUT after 120s

========================================================
  RoadShield System Log
  Session started: 2026-07-01 12:25:51
========================================================
[2026-07-01 12:25:51] [EVENT] === SESSION START ===
[2026-07-01 12:25:51] [INFO] ملف السجل: ./system.log
[2026-07-01 12:25:51] [INFO] السيرفر: https://controlroom.dubibid.com
[2026-07-01 12:25:51] [INFO] المحلي:  MediaMTX ← كاميرات Hikvision
[2026-07-01 12:25:51] [INFO] ⏳ انتظار الاتصال بالإنترنت (مهلة: 120 ثانية)...
[2026-07-01 12:25:51] [INFO]    جهاز التحقق: 1.1.1.1
[2026-07-01 12:26:00] [WARN]   لا يوجد إنترنت بعد... (10/120 ثانية)
[2026-07-01 12:26:10] [WARN]   لا يوجد إنترنت بعد... (20/120 ثانية)
[2026-07-01 12:26:20] [WARN]   لا يوجد إنترنت بعد... (30/120 ثانية)
[2026-07-01 12:26:30] [WARN]   لا يوجد إنترنت بعد... (40/120 ثانية)
[2026-07-01 12:26:40] [WARN]   لا يوجد إنترنت بعد... (50/120 ثانية)
[2026-07-01 12:26:50] [WARN]   لا يوجد إنترنت بعد... (60/120 ثانية)
[2026-07-01 12:27:00] [WARN]   لا يوجد إنترنت بعد... (70/120 ثانية)
[2026-07-01 12:27:10] [WARN]   لا يوجد إنترنت بعد... (80/120 ثانية)
[2026-07-01 12:27:20] [WARN]   لا يوجد إنترنت بعد... (90/120 ثانية)
[2026-07-01 12:27:30] [WARN]   لا يوجد إنترنت بعد... (100/120 ثانية)
[2026-07-01 12:27:40] [WARN]   لا يوجد إنترنت بعد... (110/120 ثانية)
[2026-07-01 12:27:50] [ERROR] ❌ انتهت مهلة انتظار الإنترنت (120 ثانية) بدون اتصال.
[2026-07-01 12:27:50] [EVENT] INTERNET_TIMEOUT after 120s

========================================================
  RoadShield System Log
  Session started: 2026-07-01 12:27:56
========================================================
[2026-07-01 12:27:56] [EVENT] === SESSION START ===
[2026-07-01 12:27:56] [INFO] ملف السجل: ./system.log
[2026-07-01 12:27:56] [INFO] السيرفر: https://controlroom.dubibid.com
[2026-07-01 12:27:56] [INFO] المحلي:  MediaMTX ← كاميرات Hikvision
[2026-07-01 12:27:56] [INFO] ⏳ انتظار الاتصال بالإنترنت (مهلة: 120 ثانية)...
[2026-07-01 12:27:56] [INFO]    جهاز التحقق: 1.1.1.1
[2026-07-01 12:28:05] [WARN]   لا يوجد إنترنت بعد... (10/120 ثانية)
[2026-07-01 12:28:15] [WARN]   لا يوجد إنترنت بعد... (20/120 ثانية)
[2026-07-01 12:28:25] [WARN]   لا يوجد إنترنت بعد... (30/120 ثانية)
[2026-07-01 12:28:35] [WARN]   لا يوجد إنترنت بعد... (40/120 ثانية)
[2026-07-01 12:28:45] [WARN]   لا يوجد إنترنت بعد... (50/120 ثانية)
[2026-07-01 12:28:55] [WARN]   لا يوجد إنترنت بعد... (60/120 ثانية)
[2026-07-01 12:29:05] [WARN]   لا يوجد إنترنت بعد... (70/120 ثانية)
[2026-07-01 12:29:15] [WARN]   لا يوجد إنترنت بعد... (80/120 ثانية)
[2026-07-01 12:29:25] [WARN]   لا يوجد إنترنت بعد... (90/120 ثانية)
[2026-07-01 12:29:35] [WARN]   لا يوجد إنترنت بعد... (100/120 ثانية)
[2026-07-01 12:29:45] [WARN]   لا يوجد إنترنت بعد... (110/120 ثانية)
[2026-07-01 12:29:55] [ERROR] ❌ انتهت مهلة انتظار الإنترنت (120 ثانية) بدون اتصال.
[2026-07-01 12:29:55] [EVENT] INTERNET_TIMEOUT after 120s

========================================================
  RoadShield System Log
  Session started: 2026-07-01 12:30:00
========================================================
[2026-07-01 12:30:00] [EVENT] === SESSION START ===
[2026-07-01 12:30:00] [INFO] ملف السجل: ./system.log
[2026-07-01 12:30:00] [INFO] السيرفر: https://controlroom.dubibid.com
[2026-07-01 12:30:00] [INFO] المحلي:  MediaMTX ← كاميرات Hikvision
[2026-07-01 12:30:00] [INFO] ⏳ انتظار الاتصال بالإنترنت (مهلة: 120 ثانية)...
[2026-07-01 12:30:00] [INFO]    جهاز التحقق: 1.1.1.1
[2026-07-01 12:30:09] [WARN]   لا يوجد إنترنت بعد... (10/120 ثانية)
[2026-07-01 12:30:19] [WARN]   لا يوجد إنترنت بعد... (20/120 ثانية)
[2026-07-01 12:30:29] [WARN]   لا يوجد إنترنت بعد... (30/120 ثانية)
[2026-07-01 12:30:40] [WARN]   لا يوجد إنترنت بعد... (40/120 ثانية)
[2026-07-01 12:30:50] [WARN]   لا يوجد إنترنت بعد... (50/120 ثانية)
[2026-07-01 12:31:00] [WARN]   لا يوجد إنترنت بعد... (60/120 ثانية)
[2026-07-01 12:31:10] [WARN]   لا يوجد إنترنت بعد... (70/120 ثانية)
[2026-07-01 12:31:20] [WARN]   لا يوجد إنترنت بعد... (80/120 ثانية)
[2026-07-01 12:31:30] [WARN]   لا يوجد إنترنت بعد... (90/120 ثانية)
[2026-07-01 12:31:40] [WARN]   لا يوجد إنترنت بعد... (100/120 ثانية)
[2026-07-01 12:31:50] [WARN]   لا يوجد إنترنت بعد... (110/120 ثانية)
[2026-07-01 12:32:00] [ERROR] ❌ انتهت مهلة انتظار الإنترنت (120 ثانية) بدون اتصال.
[2026-07-01 12:32:00] [EVENT] INTERNET_TIMEOUT after 120s

========================================================
  RoadShield System Log
  Session started: 2026-07-01 12:32:05
========================================================
[2026-07-01 12:32:05] [EVENT] === SESSION START ===
[2026-07-01 12:32:05] [INFO] ملف السجل: ./system.log
[2026-07-01 12:32:05] [INFO] السيرفر: https://controlroom.dubibid.com
[2026-07-01 12:32:05] [INFO] المحلي:  MediaMTX ← كاميرات Hikvision
[2026-07-01 12:32:05] [INFO] ⏳ انتظار الاتصال بالإنترنت (مهلة: 120 ثانية)...
[2026-07-01 12:32:05] [INFO]    جهاز التحقق: 1.1.1.1
[2026-07-01 12:32:14] [WARN]   لا يوجد إنترنت بعد... (10/120 ثانية)
[2026-07-01 12:32:24] [WARN]   لا يوجد إنترنت بعد... (20/120 ثانية)
[2026-07-01 12:32:34] [WARN]   لا يوجد إنترنت بعد... (30/120 ثانية)
[2026-07-01 12:32:44] [WARN]   لا يوجد إنترنت بعد... (40/120 ثانية)
[2026-07-01 12:32:54] [WARN]   لا يوجد إنترنت بعد... (50/120 ثانية)
[2026-07-01 12:33:04] [WARN]   لا يوجد إنترنت بعد... (60/120 ثانية)
[2026-07-01 12:33:14] [WARN]   لا يوجد إنترنت بعد... (70/120 ثانية)
[2026-07-01 12:33:24] [WARN]   لا يوجد إنترنت بعد... (80/120 ثانية)
[2026-07-01 12:33:35] [WARN]   لا يوجد إنترنت بعد... (90/120 ثانية)
[2026-07-01 12:33:45] [WARN]   لا يوجد إنترنت بعد... (100/120 ثانية)
[2026-07-01 12:33:55] [WARN]   لا يوجد إنترنت بعد... (110/120 ثانية)
[2026-07-01 12:34:05] [ERROR] ❌ انتهت مهلة انتظار الإنترنت (120 ثانية) بدون اتصال.
[2026-07-01 12:34:05] [EVENT] INTERNET_TIMEOUT after 120s

========================================================
  RoadShield System Log
  Session started: 2026-07-01 12:34:10
========================================================
[2026-07-01 12:34:10] [EVENT] === SESSION START ===
[2026-07-01 12:34:10] [INFO] ملف السجل: ./system.log
[2026-07-01 12:34:10] [INFO] السيرفر: https://controlroom.dubibid.com
[2026-07-01 12:34:10] [INFO] المحلي:  MediaMTX ← كاميرات Hikvision
[2026-07-01 12:34:10] [INFO] ⏳ انتظار الاتصال بالإنترنت (مهلة: 120 ثانية)...
[2026-07-01 12:34:10] [INFO]    جهاز التحقق: 1.1.1.1
[2026-07-01 12:34:19] [WARN]   لا يوجد إنترنت بعد... (10/120 ثانية)
[2026-07-01 12:34:29] [WARN]   لا يوجد إنترنت بعد... (20/120 ثانية)
[2026-07-01 12:34:39] [WARN]   لا يوجد إنترنت بعد... (30/120 ثانية)
[2026-07-01 12:34:49] [WARN]   لا يوجد إنترنت بعد... (40/120 ثانية)
[2026-07-01 12:34:59] [WARN]   لا يوجد إنترنت بعد... (50/120 ثانية)
[2026-07-01 12:35:09] [WARN]   لا يوجد إنترنت بعد... (60/120 ثانية)
[2026-07-01 12:35:19] [WARN]   لا يوجد إنترنت بعد... (70/120 ثانية)
[2026-07-01 12:35:29] [WARN]   لا يوجد إنترنت بعد... (80/120 ثانية)
[2026-07-01 12:35:39] [WARN]   لا يوجد إنترنت بعد... (90/120 ثانية)
[2026-07-01 12:35:49] [WARN]   لا يوجد إنترنت بعد... (100/120 ثانية)
[2026-07-01 12:35:59] [WARN]   لا يوجد إنترنت بعد... (110/120 ثانية)
[2026-07-01 12:36:09] [ERROR] ❌ انتهت مهلة انتظار الإنترنت (120 ثانية) بدون اتصال.
[2026-07-01 12:36:09] [EVENT] INTERNET_TIMEOUT after 120s

========================================================
  RoadShield System Log
  Session started: 2026-07-01 12:36:15
========================================================
[2026-07-01 12:36:15] [EVENT] === SESSION START ===
[2026-07-01 12:36:15] [INFO] ملف السجل: ./system.log
[2026-07-01 12:36:15] [INFO] السيرفر: https://controlroom.dubibid.com
[2026-07-01 12:36:15] [INFO] المحلي:  MediaMTX ← كاميرات Hikvision
[2026-07-01 12:36:15] [INFO] ⏳ انتظار الاتصال بالإنترنت (مهلة: 120 ثانية)...
[2026-07-01 12:36:15] [INFO]    جهاز التحقق: 1.1.1.1
[2026-07-01 12:36:24] [WARN]   لا يوجد إنترنت بعد... (10/120 ثانية)
[2026-07-01 12:36:34] [WARN]   لا يوجد إنترنت بعد... (20/120 ثانية)
[2026-07-01 12:36:44] [WARN]   لا يوجد إنترنت بعد... (30/120 ثانية)
[2026-07-01 12:36:54] [WARN]   لا يوجد إنترنت بعد... (40/120 ثانية)
[2026-07-01 12:37:04] [WARN]   لا يوجد إنترنت بعد... (50/120 ثانية)
[2026-07-01 12:37:14] [WARN]   لا يوجد إنترنت بعد... (60/120 ثانية)
[2026-07-01 12:37:24] [WARN]   لا يوجد إنترنت بعد... (70/120 ثانية)
[2026-07-01 12:37:34] [WARN]   لا يوجد إنترنت بعد... (80/120 ثانية)
[2026-07-01 12:37:44] [WARN]   لا يوجد إنترنت بعد... (90/120 ثانية)
[2026-07-01 12:37:54] [WARN]   لا يوجد إنترنت بعد... (100/120 ثانية)
[2026-07-01 12:38:04] [WARN]   لا يوجد إنترنت بعد... (110/120 ثانية)
[2026-07-01 12:38:14] [ERROR] ❌ انتهت مهلة انتظار الإنترنت (120 ثانية) بدون اتصال.
[2026-07-01 12:38:14] [EVENT] INTERNET_TIMEOUT after 120s

========================================================
  RoadShield System Log
  Session started: 2026-07-01 12:38:19
========================================================
[2026-07-01 12:38:19] [EVENT] === SESSION START ===
[2026-07-01 12:38:19] [INFO] ملف السجل: ./system.log
[2026-07-01 12:38:19] [INFO] السيرفر: https://controlroom.dubibid.com
[2026-07-01 12:38:19] [INFO] المحلي:  MediaMTX ← كاميرات Hikvision
[2026-07-01 12:38:19] [INFO] ⏳ انتظار الاتصال بالإنترنت (مهلة: 120 ثانية)...
[2026-07-01 12:38:19] [INFO]    جهاز التحقق: 1.1.1.1
[2026-07-01 12:38:28] [WARN]   لا يوجد إنترنت بعد... (10/120 ثانية)
[2026-07-01 12:38:38] [WARN]   لا يوجد إنترنت بعد... (20/120 ثانية)
[2026-07-01 12:38:48] [WARN]   لا يوجد إنترنت بعد... (30/120 ثانية)
[2026-07-01 12:38:59] [WARN]   لا يوجد إنترنت بعد... (40/120 ثانية)
[2026-07-01 12:39:09] [WARN]   لا يوجد إنترنت بعد... (50/120 ثانية)
[2026-07-01 12:39:19] [WARN]   لا يوجد إنترنت بعد... (60/120 ثانية)
[2026-07-01 12:39:29] [WARN]   لا يوجد إنترنت بعد... (70/120 ثانية)
[2026-07-01 12:39:39] [WARN]   لا يوجد إنترنت بعد... (80/120 ثانية)
[2026-07-01 12:39:49] [WARN]   لا يوجد إنترنت بعد... (90/120 ثانية)
[2026-07-01 12:39:59] [WARN]   لا يوجد إنترنت بعد... (100/120 ثانية)
[2026-07-01 12:40:09] [WARN]   لا يوجد إنترنت بعد... (110/120 ثانية)
[2026-07-01 12:40:19] [ERROR] ❌ انتهت مهلة انتظار الإنترنت (120 ثانية) بدون اتصال.
[2026-07-01 12:40:19] [EVENT] INTERNET_TIMEOUT after 120s

========================================================
  RoadShield System Log
  Session started: 2026-07-01 12:40:24
========================================================
[2026-07-01 12:40:24] [EVENT] === SESSION START ===
[2026-07-01 12:40:24] [INFO] ملف السجل: ./system.log
[2026-07-01 12:40:24] [INFO] السيرفر: https://controlroom.dubibid.com
[2026-07-01 12:40:24] [INFO] المحلي:  MediaMTX ← كاميرات Hikvision
[2026-07-01 12:40:24] [INFO] ⏳ انتظار الاتصال بالإنترنت (مهلة: 120 ثانية)...
[2026-07-01 12:40:24] [INFO]    جهاز التحقق: 1.1.1.1
[2026-07-01 12:40:33] [WARN]   لا يوجد إنترنت بعد... (10/120 ثانية)
[2026-07-01 12:40:43] [WARN]   لا يوجد إنترنت بعد... (20/120 ثانية)
[2026-07-01 12:40:53] [WARN]   لا يوجد إنترنت بعد... (30/120 ثانية)
[2026-07-01 12:41:03] [WARN]   لا يوجد إنترنت بعد... (40/120 ثانية)
[2026-07-01 12:41:13] [WARN]   لا يوجد إنترنت بعد... (50/120 ثانية)
[2026-07-01 12:41:23] [WARN]   لا يوجد إنترنت بعد... (60/120 ثانية)
[2026-07-01 12:41:33] [WARN]   لا يوجد إنترنت بعد... (70/120 ثانية)
[2026-07-01 12:41:43] [WARN]   لا يوجد إنترنت بعد... (80/120 ثانية)
[2026-07-01 12:41:54] [WARN]   لا يوجد إنترنت بعد... (90/120 ثانية)
[2026-07-01 12:42:04] [WARN]   لا يوجد إنترنت بعد... (100/120 ثانية)
[2026-07-01 12:42:14] [WARN]   لا يوجد إنترنت بعد... (110/120 ثانية)
[2026-07-01 12:42:24] [ERROR] ❌ انتهت مهلة انتظار الإنترنت (120 ثانية) بدون اتصال.
[2026-07-01 12:42:24] [EVENT] INTERNET_TIMEOUT after 120s

========================================================
  RoadShield System Log
  Session started: 2026-07-01 12:42:29
========================================================
[2026-07-01 12:42:29] [EVENT] === SESSION START ===
[2026-07-01 12:42:29] [INFO] ملف السجل: ./system.log
[2026-07-01 12:42:29] [INFO] السيرفر: https://controlroom.dubibid.com
[2026-07-01 12:42:29] [INFO] المحلي:  MediaMTX ← كاميرات Hikvision
[2026-07-01 12:42:29] [INFO] ⏳ انتظار الاتصال بالإنترنت (مهلة: 120 ثانية)...
[2026-07-01 12:42:29] [INFO]    جهاز التحقق: 1.1.1.1
[2026-07-01 12:42:38] [WARN]   لا يوجد إنترنت بعد... (10/120 ثانية)
[2026-07-01 12:42:48] [WARN]   لا يوجد إنترنت بعد... (20/120 ثانية)
[2026-07-01 12:42:58] [WARN]   لا يوجد إنترنت بعد... (30/120 ثانية)
[2026-07-01 12:43:08] [WARN]   لا يوجد إنترنت بعد... (40/120 ثانية)
[2026-07-01 12:43:18] [WARN]   لا يوجد إنترنت بعد... (50/120 ثانية)
[2026-07-01 12:43:28] [WARN]   لا يوجد إنترنت بعد... (60/120 ثانية)
[2026-07-01 12:43:38] [WARN]   لا يوجد إنترنت بعد... (70/120 ثانية)
[2026-07-01 12:43:48] [WARN]   لا يوجد إنترنت بعد... (80/120 ثانية)
[2026-07-01 12:43:58] [WARN]   لا يوجد إنترنت بعد... (90/120 ثانية)
[2026-07-01 12:44:08] [WARN]   لا يوجد إنترنت بعد... (100/120 ثانية)
[2026-07-01 12:44:18] [WARN]   لا يوجد إنترنت بعد... (110/120 ثانية)
[2026-07-01 12:44:28] [ERROR] ❌ انتهت مهلة انتظار الإنترنت (120 ثانية) بدون اتصال.
[2026-07-01 12:44:28] [EVENT] INTERNET_TIMEOUT after 120s

========================================================
  RoadShield System Log
  Session started: 2026-07-01 12:44:34
========================================================
[2026-07-01 12:44:34] [EVENT] === SESSION START ===
[2026-07-01 12:44:34] [INFO] ملف السجل: ./system.log
[2026-07-01 12:44:34] [INFO] السيرفر: https://controlroom.dubibid.com
[2026-07-01 12:44:34] [INFO] المحلي:  MediaMTX ← كاميرات Hikvision
[2026-07-01 12:44:34] [INFO] ⏳ انتظار الاتصال بالإنترنت (مهلة: 120 ثانية)...
[2026-07-01 12:44:34] [INFO]    جهاز التحقق: 1.1.1.1
[2026-07-01 12:44:43] [WARN]   لا يوجد إنترنت بعد... (10/120 ثانية)
[2026-07-01 12:44:53] [WARN]   لا يوجد إنترنت بعد... (20/120 ثانية)
[2026-07-01 12:45:03] [WARN]   لا يوجد إنترنت بعد... (30/120 ثانية)
[2026-07-01 12:45:13] [WARN]   لا يوجد إنترنت بعد... (40/120 ثانية)
[2026-07-01 12:45:23] [WARN]   لا يوجد إنترنت بعد... (50/120 ثانية)
[2026-07-01 12:45:33] [WARN]   لا يوجد إنترنت بعد... (60/120 ثانية)
[2026-07-01 12:45:43] [WARN]   لا يوجد إنترنت بعد... (70/120 ثانية)
[2026-07-01 12:45:53] [WARN]   لا يوجد إنترنت بعد... (80/120 ثانية)
[2026-07-01 12:46:03] [WARN]   لا يوجد إنترنت بعد... (90/120 ثانية)
[2026-07-01 12:46:13] [WARN]   لا يوجد إنترنت بعد... (100/120 ثانية)
[2026-07-01 12:46:23] [WARN]   لا يوجد إنترنت بعد... (110/120 ثانية)
[2026-07-01 12:46:33] [ERROR] ❌ انتهت مهلة انتظار الإنترنت (120 ثانية) بدون اتصال.
[2026-07-01 12:46:33] [EVENT] INTERNET_TIMEOUT after 120s

========================================================
  RoadShield System Log
  Session started: 2026-07-01 12:46:38
========================================================
[2026-07-01 12:46:38] [EVENT] === SESSION START ===
[2026-07-01 12:46:38] [INFO] ملف السجل: ./system.log
[2026-07-01 12:46:38] [INFO] السيرفر: https://controlroom.dubibid.com
[2026-07-01 12:46:38] [INFO] المحلي:  MediaMTX ← كاميرات Hikvision
[2026-07-01 12:46:38] [INFO] ⏳ انتظار الاتصال بالإنترنت (مهلة: 120 ثانية)...
[2026-07-01 12:46:38] [INFO]    جهاز التحقق: 1.1.1.1
[2026-07-01 12:46:47] [WARN]   لا يوجد إنترنت بعد... (10/120 ثانية)
[2026-07-01 12:46:57] [WARN]   لا يوجد إنترنت بعد... (20/120 ثانية)
[2026-07-01 12:47:07] [WARN]   لا يوجد إنترنت بعد... (30/120 ثانية)
[2026-07-01 12:47:18] [WARN]   لا يوجد إنترنت بعد... (40/120 ثانية)

========================================================
  RoadShield System Log
  Session started: 2026-07-01 12:13:22
========================================================
[2026-07-01 12:13:22] [EVENT] === SESSION START ===
[2026-07-01 12:13:22] [INFO] ملف السجل: ./system.log
[2026-07-01 12:13:22] [INFO] السيرفر: https://controlroom.dubibid.com
[2026-07-01 12:13:22] [INFO] المحلي:  MediaMTX ← كاميرات Hikvision
[2026-07-01 12:13:22] [INFO] ⏳ انتظار الاتصال بالإنترنت (مهلة: 120 ثانية)...
[2026-07-01 12:13:22] [INFO]    جهاز التحقق: 1.1.1.1
[2026-07-01 12:13:31] [WARN]   لا يوجد إنترنت بعد... (10/120 ثانية)
[2026-07-01 12:13:41] [WARN]   لا يوجد إنترنت بعد... (20/120 ثانية)
[2026-07-01 12:13:59] [WARN]   لا يوجد إنترنت بعد... (30/120 ثانية)
[2026-07-01 12:14:15] [WARN]   لا يوجد إنترنت بعد... (40/120 ثانية)
[2026-07-01 12:14:32] [WARN]   لا يوجد إنترنت بعد... (50/120 ثانية)
[2026-07-01 12:14:36] [EVENT] ✅ تم الحصول على الإنترنت في: 2026-07-01 12:14:36 (بعد 51 ثانية من بدء التشغيل)
[2026-07-01 12:14:36] [SUCCESS] ✅ الإنترنت متاح! (51s)
[2026-07-01 12:14:36] [INFO] تشغيل MediaMTX...
[2026-07-01 12:14:37] [EVENT] MediaMTX started — PID: 3064 — Time: 2026-07-01 12:14:37
[2026-07-01 12:14:39] [INFO] MediaMTX يعمل (PID: 3064)
[2026-07-01 12:14:39] [INFO] تشغيل camera-control.py (PTZ agent)...
[2026-07-01 12:14:40] [EVENT] camera-control.py started — PID: 3082 — Time: 2026-07-01 12:14:40
[2026-07-01 12:14:40] [INFO] camera-control.py يعمل (PID: 3082)
[2026-07-01 12:14:40] [INFO] تشغيل Cloudflare Tunnel...
[2026-07-01 12:14:40] [EVENT] Cloudflare Tunnel starting — Time: 2026-07-01 12:14:40
[2026-07-01 12:14:40] [INFO] انتظار URL من Cloudflare...
[2026-07-01 12:14:45] [EVENT] Cloudflare Tunnel URL received: https://trend-sorted-edge-spirits.trycloudflare.com — Time: 2026-07-01 12:14:45
[2026-07-01 12:14:45] [INFO] تسجيل URL في Laravel API...
[2026-07-01 12:14:46] [SUCCESS] ✅ URL مسجّل بنجاح في Laravel!
[2026-07-01 12:14:46] [INFO]   → الكاميرات تعمل على: https://controlroom.dubibid.com/surveillance
[2026-07-01 12:14:46] [INFO] النظام يعمل. اضغط Ctrl+C للإيقاف.
[2026-07-01 12:14:46] [INFO] ملف السجل الكامل: /home/yazan/projects/rs-python-stream/system.log

========================================================
  RoadShield System Log
  Session started: 2026-07-01 13:31:20
========================================================
[2026-07-01 13:31:20] [EVENT] === SESSION START ===
[2026-07-01 13:31:20] [INFO] ملف السجل: ./system.log
[2026-07-01 13:31:20] [INFO] السيرفر: https://controlroom.dubibid.com
[2026-07-01 13:31:20] [INFO] المحلي:  MediaMTX ← كاميرات Hikvision
[2026-07-01 13:31:20] [INFO] ⏳ انتظار الاتصال بالإنترنت (مهلة: 120 ثانية)...
[2026-07-01 13:31:20] [INFO]    جهاز التحقق: 1.1.1.1
[2026-07-01 13:31:29] [WARN]   لا يوجد إنترنت بعد... (10/120 ثانية)
[2026-07-01 13:31:39] [WARN]   لا يوجد إنترنت بعد... (20/120 ثانية)
[2026-07-01 13:31:49] [WARN]   لا يوجد إنترنت بعد... (30/120 ثانية)
[2026-07-01 13:31:59] [WARN]   لا يوجد إنترنت بعد... (40/120 ثانية)
[2026-07-01 13:32:09] [WARN]   لا يوجد إنترنت بعد... (50/120 ثانية)
[2026-07-01 13:32:19] [WARN]   لا يوجد إنترنت بعد... (60/120 ثانية)
[2026-07-01 13:32:29] [WARN]   لا يوجد إنترنت بعد... (70/120 ثانية)
[2026-07-01 13:32:39] [WARN]   لا يوجد إنترنت بعد... (80/120 ثانية)
[2026-07-01 13:32:50] [WARN]   لا يوجد إنترنت بعد... (90/120 ثانية)
[2026-07-01 13:33:00] [WARN]   لا يوجد إنترنت بعد... (100/120 ثانية)
[2026-07-01 13:33:10] [WARN]   لا يوجد إنترنت بعد... (110/120 ثانية)
[2026-07-01 13:33:20] [ERROR] ❌ انتهت مهلة انتظار الإنترنت (120 ثانية) بدون اتصال.
[2026-07-01 13:33:20] [EVENT] INTERNET_TIMEOUT after 120s

========================================================
  RoadShield System Log
  Session started: 2026-07-01 13:33:25
========================================================
[2026-07-01 13:33:25] [EVENT] === SESSION START ===
[2026-07-01 13:33:25] [INFO] ملف السجل: ./system.log
[2026-07-01 13:33:25] [INFO] السيرفر: https://controlroom.dubibid.com
[2026-07-01 13:33:25] [INFO] المحلي:  MediaMTX ← كاميرات Hikvision
[2026-07-01 13:33:25] [INFO] ⏳ انتظار الاتصال بالإنترنت (مهلة: 120 ثانية)...
[2026-07-01 13:33:25] [INFO]    جهاز التحقق: 1.1.1.1
[2026-07-01 13:33:34] [WARN]   لا يوجد إنترنت بعد... (10/120 ثانية)
[2026-07-01 13:33:44] [WARN]   لا يوجد إنترنت بعد... (20/120 ثانية)
[2026-07-01 13:33:54] [WARN]   لا يوجد إنترنت بعد... (30/120 ثانية)
[2026-07-01 13:34:04] [WARN]   لا يوجد إنترنت بعد... (40/120 ثانية)
[2026-07-01 13:34:14] [WARN]   لا يوجد إنترنت بعد... (50/120 ثانية)

========================================================
  RoadShield System Log
  Session started: 2026-07-01 13:31:20
========================================================
[2026-07-01 13:31:20] [EVENT] === SESSION START ===
[2026-07-01 13:31:20] [INFO] ملف السجل: ./system.log
[2026-07-01 13:31:20] [INFO] السيرفر: https://controlroom.dubibid.com
[2026-07-01 13:31:20] [INFO] المحلي:  MediaMTX ← كاميرات Hikvision
[2026-07-01 13:31:20] [INFO] ⏳ انتظار الاتصال بالإنترنت (مهلة: 120 ثانية)...
[2026-07-01 13:31:20] [INFO]    جهاز التحقق: 1.1.1.1
[2026-07-01 13:31:29] [WARN]   لا يوجد إنترنت بعد... (10/120 ثانية)
[2026-07-01 13:31:43] [WARN]   لا يوجد إنترنت بعد... (20/120 ثانية)
[2026-07-01 13:31:59] [WARN]   لا يوجد إنترنت بعد... (30/120 ثانية)
[2026-07-01 13:32:15] [WARN]   لا يوجد إنترنت بعد... (40/120 ثانية)
[2026-07-01 13:32:32] [EVENT] ✅ تم الحصول على الإنترنت في: 2026-07-01 13:32:32 (بعد 48 ثانية من بدء التشغيل)
[2026-07-01 13:32:32] [SUCCESS] ✅ الإنترنت متاح! (48s)
[2026-07-01 13:32:32] [INFO] تشغيل MediaMTX...
[2026-07-01 13:32:34] [EVENT] MediaMTX started — PID: 3481 — Time: 2026-07-01 13:32:34
[2026-07-01 13:32:36] [INFO] MediaMTX يعمل (PID: 3481)
[2026-07-01 13:32:36] [INFO] تشغيل camera-control.py (PTZ agent)...
[2026-07-01 13:32:37] [EVENT] camera-control.py started — PID: 3519 — Time: 2026-07-01 13:32:37
[2026-07-01 13:32:37] [INFO] camera-control.py يعمل (PID: 3519)
[2026-07-01 13:32:37] [INFO] تشغيل Cloudflare Tunnel...
[2026-07-01 13:32:37] [EVENT] Cloudflare Tunnel starting — Time: 2026-07-01 13:32:37
[2026-07-01 13:32:37] [INFO] انتظار URL من Cloudflare...
[2026-07-01 13:32:44] [EVENT] Cloudflare Tunnel URL received: https://unknown-demanding-protein-keith.trycloudflare.com — Time: 2026-07-01 13:32:44
[2026-07-01 13:32:44] [INFO] تسجيل URL في Laravel API...
[2026-07-01 13:32:45] [SUCCESS] ✅ URL مسجّل بنجاح في Laravel!
[2026-07-01 13:32:45] [INFO]   → الكاميرات تعمل على: https://controlroom.dubibid.com/surveillance
[2026-07-01 13:32:45] [INFO] النظام يعمل. اضغط Ctrl+C للإيقاف.
[2026-07-01 13:32:45] [INFO] ملف السجل الكامل: /home/yazan/projects/rs-python-stream/system.log

========================================================
  RoadShield System Log
  Session started: 2026-07-01 14:12:34
========================================================
[2026-07-01 14:12:34] [EVENT] === SESSION START ===
[2026-07-01 14:12:34] [INFO] ملف السجل: ./system.log
[2026-07-01 14:12:34] [INFO] السيرفر: https://controlroom.dubibid.com
[2026-07-01 14:12:34] [INFO] المحلي:  MediaMTX ← كاميرات Hikvision
[2026-07-01 14:12:34] [INFO] ⏳ انتظار الاتصال بالإنترنت (مهلة: 120 ثانية)...
[2026-07-01 14:12:34] [INFO]    جهاز التحقق: 1.1.1.1
[2026-07-01 14:12:43] [WARN]   لا يوجد إنترنت بعد... (10/120 ثانية)
[2026-07-01 14:12:55] [WARN]   لا يوجد إنترنت بعد... (20/120 ثانية)
[2026-07-01 14:13:13] [WARN]   لا يوجد إنترنت بعد... (30/120 ثانية)
[2026-07-01 14:13:29] [WARN]   لا يوجد إنترنت بعد... (40/120 ثانية)
[2026-07-01 14:13:44] [EVENT] ✅ تم الحصول على الإنترنت في: 2026-07-01 14:13:44 (بعد 48 ثانية من بدء التشغيل)
[2026-07-01 14:13:44] [SUCCESS] ✅ الإنترنت متاح! (48s)
[2026-07-01 14:13:44] [INFO] تشغيل MediaMTX...
[2026-07-01 14:13:45] [EVENT] MediaMTX started — PID: 3468 — Time: 2026-07-01 14:13:45
[2026-07-01 14:13:47] [INFO] MediaMTX يعمل (PID: 3468)
[2026-07-01 14:13:47] [INFO] تشغيل camera-control.py (PTZ agent)...
[2026-07-01 14:13:48] [EVENT] camera-control.py started — PID: 3509 — Time: 2026-07-01 14:13:48
[2026-07-01 14:13:48] [INFO] camera-control.py يعمل (PID: 3509)
[2026-07-01 14:13:48] [INFO] تشغيل Cloudflare Tunnel...
[2026-07-01 14:13:48] [EVENT] Cloudflare Tunnel starting — Time: 2026-07-01 14:13:48
[2026-07-01 14:13:48] [INFO] انتظار URL من Cloudflare...
[2026-07-01 14:13:54] [EVENT] Cloudflare Tunnel URL received: https://tamil-aquatic-granny-language.trycloudflare.com — Time: 2026-07-01 14:13:54
[2026-07-01 14:13:54] [INFO] تسجيل URL في Laravel API...
[2026-07-01 14:13:55] [SUCCESS] ✅ URL مسجّل بنجاح في Laravel!
[2026-07-01 14:13:55] [INFO]   → الكاميرات تعمل على: https://controlroom.dubibid.com/surveillance
[2026-07-01 14:13:55] [INFO] النظام يعمل. اضغط Ctrl+C للإيقاف.
[2026-07-01 14:13:55] [INFO] ملف السجل الكامل: /home/yazan/projects/rs-python-stream/system.log

========================================================
  RoadShield System Log
  Session started: 2026-07-01 14:26:32
========================================================
[2026-07-01 14:26:32] [EVENT] === SESSION START ===
[2026-07-01 14:26:32] [INFO] ملف السجل: ./system.log
[2026-07-01 14:26:32] [INFO] السيرفر: https://controlroom.dubibid.com
[2026-07-01 14:26:32] [INFO] المحلي:  MediaMTX ← كاميرات Hikvision
[2026-07-01 14:26:32] [INFO] ⏳ انتظار الاتصال بالإنترنت (مهلة: 120 ثانية)...
[2026-07-01 14:26:32] [INFO]    جهاز التحقق: 1.1.1.1
[2026-07-01 14:26:41] [WARN]   لا يوجد إنترنت بعد... (10/120 ثانية)
[2026-07-01 14:26:54] [WARN]   لا يوجد إنترنت بعد... (20/120 ثانية)
[2026-07-01 14:27:12] [WARN]   لا يوجد إنترنت بعد... (30/120 ثانية)
[2026-07-01 14:27:28] [WARN]   لا يوجد إنترنت بعد... (40/120 ثانية)
[2026-07-01 14:27:46] [EVENT] ✅ تم الحصول على الإنترنت في: 2026-07-01 14:27:46 (بعد 49 ثانية من بدء التشغيل)
[2026-07-01 14:27:46] [SUCCESS] ✅ الإنترنت متاح! (49s)
[2026-07-01 14:27:46] [INFO] تشغيل MediaMTX...
[2026-07-01 14:27:47] [EVENT] MediaMTX started — PID: 2305 — Time: 2026-07-01 14:27:47
[2026-07-01 14:27:49] [INFO] MediaMTX يعمل (PID: 2305)
[2026-07-01 14:27:49] [INFO] تشغيل camera-control.py (PTZ agent)...
[2026-07-01 14:27:50] [EVENT] camera-control.py started — PID: 2326 — Time: 2026-07-01 14:27:50
[2026-07-01 14:27:50] [INFO] camera-control.py يعمل (PID: 2326)
[2026-07-01 14:27:50] [INFO] تشغيل Cloudflare Tunnel...
[2026-07-01 14:27:50] [EVENT] Cloudflare Tunnel starting — Time: 2026-07-01 14:27:50
[2026-07-01 14:27:50] [INFO] انتظار URL من Cloudflare...
[2026-07-01 14:27:57] [EVENT] Cloudflare Tunnel URL received: https://fence-incoming-lap-welcome.trycloudflare.com — Time: 2026-07-01 14:27:57
[2026-07-01 14:27:57] [INFO] تسجيل URL في Laravel API...
[2026-07-01 14:27:58] [SUCCESS] ✅ URL مسجّل بنجاح في Laravel!
[2026-07-01 14:27:58] [INFO]   → الكاميرات تعمل على: https://controlroom.dubibid.com/surveillance
[2026-07-01 14:27:58] [INFO] النظام يعمل. اضغط Ctrl+C للإيقاف.
[2026-07-01 14:27:58] [INFO] ملف السجل الكامل: /home/yazan/projects/rs-python-stream/system.log

========================================================
  RoadShield System Log
  Session started: 2026-07-01 14:46:40
========================================================
[2026-07-01 14:46:40] [EVENT] === SESSION START ===
[2026-07-01 14:46:40] [INFO] ملف السجل: ./system.log
[2026-07-01 14:46:40] [INFO] السيرفر: https://controlroom.dubibid.com
[2026-07-01 14:46:40] [INFO] المحلي:  MediaMTX ← كاميرات Hikvision
[2026-07-01 14:46:40] [INFO] ⏳ انتظار الاتصال بالإنترنت (مهلة: 120 ثانية)...
[2026-07-01 14:46:40] [INFO]    جهاز التحقق: 1.1.1.1
[2026-07-01 14:46:49] [WARN]   لا يوجد إنترنت بعد... (10/120 ثانية)
[2026-07-01 14:46:53] [EVENT] ✅ تم الحصول على الإنترنت في: 2026-07-01 14:46:53 (بعد 13 ثانية من بدء التشغيل)
[2026-07-01 14:46:53] [SUCCESS] ✅ الإنترنت متاح! (13s)
[2026-07-01 14:46:53] [INFO] تشغيل MediaMTX...
[2026-07-01 14:46:54] [EVENT] MediaMTX started — PID: 2198 — Time: 2026-07-01 14:46:54
[2026-07-01 14:46:56] [INFO] MediaMTX يعمل (PID: 2198)
[2026-07-01 14:46:56] [INFO] تشغيل camera-control.py (PTZ agent)...
[2026-07-01 14:46:57] [EVENT] camera-control.py started — PID: 2380 — Time: 2026-07-01 14:46:57
[2026-07-01 14:46:57] [INFO] camera-control.py يعمل (PID: 2380)
[2026-07-01 14:46:57] [INFO] تشغيل Cloudflare Tunnel...
[2026-07-01 14:46:57] [EVENT] Cloudflare Tunnel starting — Time: 2026-07-01 14:46:57
[2026-07-01 14:46:57] [INFO] انتظار URL من Cloudflare...
[2026-07-01 14:47:03] [EVENT] Cloudflare Tunnel URL received: https://multiple-stadium-fog-forest.trycloudflare.com — Time: 2026-07-01 14:47:03
[2026-07-01 14:47:03] [INFO] تسجيل URL في Laravel API...
[2026-07-01 14:47:04] [SUCCESS] ✅ URL مسجّل بنجاح في Laravel!
[2026-07-01 14:47:04] [INFO]   → الكاميرات تعمل على: https://controlroom.dubibid.com/surveillance
[2026-07-01 14:47:04] [INFO] النظام يعمل. اضغط Ctrl+C للإيقاف.
[2026-07-01 14:47:04] [INFO] ملف السجل الكامل: /home/yazan/projects/rs-python-stream/system.log
[2026-07-01 15:00:10] [INFO] إيقاف النظام...
[2026-07-01 15:00:10] [INFO] إلغاء تسجيل URL من Laravel...
[2026-07-01 15:00:11] [INFO] URL أُلغي تسجيله.
[2026-07-01 15:00:11] [EVENT] === SESSION END ===
[2026-07-01 15:00:11] [INFO] تم الإيقاف بنجاح.

========================================================
  RoadShield System Log
  Session started: 2026-07-01 15:00:58
========================================================
[2026-07-01 15:00:58] [EVENT] === SESSION START ===
[2026-07-01 15:00:58] [INFO] ملف السجل: ./system.log
[2026-07-01 15:00:58] [INFO] السيرفر: https://controlroom.dubibid.com
[2026-07-01 15:00:58] [INFO] المحلي:  MediaMTX ← كاميرات Hikvision
[2026-07-01 15:00:58] [INFO] ⏳ انتظار الاتصال بالإنترنت (مهلة: 120 ثانية)...
[2026-07-01 15:00:58] [INFO]    جهاز التحقق: 1.1.1.1
[2026-07-01 15:01:07] [WARN]   لا يوجد إنترنت بعد... (10/120 ثانية)
[2026-07-01 15:01:11] [EVENT] ✅ تم الحصول على الإنترنت في: 2026-07-01 15:01:11 (بعد 13 ثانية من بدء التشغيل)
[2026-07-01 15:01:11] [SUCCESS] ✅ الإنترنت متاح! (13s)
[2026-07-01 15:01:11] [INFO] تشغيل MediaMTX...
[2026-07-01 15:01:12] [EVENT] MediaMTX started — PID: 2176 — Time: 2026-07-01 15:01:12
[2026-07-01 15:01:14] [INFO] MediaMTX يعمل (PID: 2176)
[2026-07-01 15:01:14] [INFO] تشغيل camera-control.py (PTZ agent)...
[2026-07-01 15:01:15] [EVENT] camera-control.py started — PID: 2213 — Time: 2026-07-01 15:01:15
[2026-07-01 15:01:15] [INFO] camera-control.py يعمل (PID: 2213)
[2026-07-01 15:01:15] [INFO] تشغيل Cloudflare Tunnel...
[2026-07-01 15:01:15] [EVENT] Cloudflare Tunnel starting — Time: 2026-07-01 15:01:15
[2026-07-01 15:01:15] [INFO] انتظار URL من Cloudflare...
[2026-07-01 15:01:22] [EVENT] Cloudflare Tunnel URL received: https://repository-mods-roland-corp.trycloudflare.com — Time: 2026-07-01 15:01:22
[2026-07-01 15:01:22] [INFO] تسجيل URL في Laravel API...
[2026-07-01 15:01:22] [SUCCESS] ✅ URL مسجّل بنجاح في Laravel!
[2026-07-01 15:01:22] [INFO]   → الكاميرات تعمل على: https://controlroom.dubibid.com/surveillance
[2026-07-01 15:01:22] [INFO] النظام يعمل. اضغط Ctrl+C للإيقاف.
[2026-07-01 15:01:22] [INFO] ملف السجل الكامل: /home/yazan/projects/rs-python-stream/system.log

========================================================
  RoadShield System Log
  Session started: 2026-07-01 15:09:28
========================================================
[2026-07-01 15:09:28] [EVENT] === SESSION START ===
[2026-07-01 15:09:28] [INFO] ملف السجل: ./system.log
[2026-07-01 15:09:28] [INFO] السيرفر: https://controlroom.dubibid.com
[2026-07-01 15:09:28] [INFO] المحلي:  MediaMTX ← كاميرات Hikvision
[2026-07-01 15:09:28] [INFO] ⏳ انتظار الاتصال بالإنترنت (مهلة: 120 ثانية)...
[2026-07-01 15:09:28] [INFO]    جهاز التحقق: 1.1.1.1
[2026-07-01 15:09:38] [WARN]   لا يوجد إنترنت بعد... (10/120 ثانية)
[2026-07-01 15:09:45] [EVENT] ✅ تم الحصول على الإنترنت في: 2026-07-01 15:09:45 (بعد 16 ثانية من بدء التشغيل)
[2026-07-01 15:09:45] [SUCCESS] ✅ الإنترنت متاح! (16s)
[2026-07-01 15:09:45] [INFO] تشغيل MediaMTX...
[2026-07-01 15:09:46] [EVENT] MediaMTX started — PID: 2211 — Time: 2026-07-01 15:09:46
[2026-07-01 15:09:48] [INFO] MediaMTX يعمل (PID: 2211)
[2026-07-01 15:09:48] [INFO] تشغيل camera-control.py (PTZ agent)...
[2026-07-01 15:09:49] [EVENT] camera-control.py started — PID: 2227 — Time: 2026-07-01 15:09:49
[2026-07-01 15:09:49] [INFO] camera-control.py يعمل (PID: 2227)
[2026-07-01 15:09:49] [INFO] تشغيل Cloudflare Tunnel...
[2026-07-01 15:09:49] [EVENT] Cloudflare Tunnel starting — Time: 2026-07-01 15:09:49
[2026-07-01 15:09:49] [INFO] انتظار URL من Cloudflare...
[2026-07-01 15:09:55] [EVENT] Cloudflare Tunnel URL received: https://consumers-exclusion-friend-certification.trycloudflare.com — Time: 2026-07-01 15:09:55
[2026-07-01 15:09:55] [INFO] تسجيل URL في Laravel API...
[2026-07-01 15:19:55] [SUCCESS] ✅ URL مسجّل بنجاح في Laravel!
[2026-07-01 15:19:55] [INFO]   → الكاميرات تعمل على: https://controlroom.dubibid.com/surveillance
[2026-07-01 15:19:55] [INFO] النظام يعمل. اضغط Ctrl+C للإيقاف.
[2026-07-01 15:19:55] [INFO] ملف السجل الكامل: /home/yazan/projects/rs-python-stream/system.log

========================================================
  RoadShield System Log
  Session started: 2026-07-01 15:53:34
========================================================
[2026-07-01 15:53:34] [EVENT] === SESSION START ===
[2026-07-01 15:53:34] [INFO] ملف السجل: ./system.log
[2026-07-01 15:53:34] [INFO] السيرفر: https://controlroom.dubibid.com
[2026-07-01 15:53:34] [INFO] المحلي:  MediaMTX ← كاميرات Hikvision
[2026-07-01 15:53:34] [INFO] ⏳ انتظار الاتصال بالإنترنت (مهلة: 120 ثانية)...
[2026-07-01 15:53:34] [INFO]    جهاز التحقق: 1.1.1.1
[2026-07-01 15:53:43] [WARN]   لا يوجد إنترنت بعد... (10/120 ثانية)
[2026-07-01 15:53:47] [EVENT] ✅ تم الحصول على الإنترنت في: 2026-07-01 15:53:47 (بعد 13 ثانية من بدء التشغيل)
[2026-07-01 15:53:47] [SUCCESS] ✅ الإنترنت متاح! (13s)
[2026-07-01 15:53:47] [INFO] تشغيل MediaMTX...
[2026-07-01 15:53:49] [EVENT] MediaMTX started — PID: 2193 — Time: 2026-07-01 15:53:49
[2026-07-01 15:53:51] [INFO] MediaMTX يعمل (PID: 2193)
[2026-07-01 15:53:51] [INFO] تشغيل camera-control.py (PTZ agent)...
[2026-07-01 15:53:52] [EVENT] camera-control.py started — PID: 2220 — Time: 2026-07-01 15:53:52
[2026-07-01 15:53:52] [INFO] camera-control.py يعمل (PID: 2220)
[2026-07-01 15:53:52] [INFO] تشغيل Cloudflare Tunnel...
[2026-07-01 15:53:52] [EVENT] Cloudflare Tunnel starting — Time: 2026-07-01 15:53:52
[2026-07-01 15:53:52] [INFO] انتظار URL من Cloudflare...
[2026-07-01 15:53:58] [EVENT] Cloudflare Tunnel URL received: https://williams-promise-forty-convenient.trycloudflare.com — Time: 2026-07-01 15:53:58
[2026-07-01 15:53:58] [INFO] تسجيل URL في Laravel API...
[2026-07-01 15:53:58] [SUCCESS] ✅ URL مسجّل بنجاح في Laravel!
[2026-07-01 15:53:58] [INFO]   → الكاميرات تعمل على: https://controlroom.dubibid.com/surveillance
[2026-07-01 15:53:58] [INFO] النظام يعمل. اضغط Ctrl+C للإيقاف.
[2026-07-01 15:53:58] [INFO] ملف السجل الكامل: /home/yazan/projects/rs-python-stream/system.log

========================================================
  RoadShield System Log
  Session started: 2026-07-01 16:46:23
========================================================
[2026-07-01 16:46:23] [EVENT] === SESSION START ===
[2026-07-01 16:46:23] [INFO] ملف السجل: ./system.log
[2026-07-01 16:46:23] [INFO] السيرفر: https://controlroom.dubibid.com
[2026-07-01 16:46:23] [INFO] المحلي:  MediaMTX ← كاميرات Hikvision
[2026-07-01 16:46:23] [INFO] ⏳ انتظار الاتصال بالإنترنت (مهلة: 120 ثانية)...
[2026-07-01 16:46:23] [INFO]    جهاز التحقق: 1.1.1.1
[2026-07-01 16:46:33] [WARN]   لا يوجد إنترنت بعد... (10/120 ثانية)
[2026-07-01 16:46:37] [EVENT] ✅ تم الحصول على الإنترنت في: 2026-07-01 16:46:37 (بعد 13 ثانية من بدء التشغيل)
[2026-07-01 16:46:37] [SUCCESS] ✅ الإنترنت متاح! (13s)
[2026-07-01 16:46:37] [INFO] تشغيل MediaMTX...
[2026-07-01 16:46:38] [EVENT] MediaMTX started — PID: 2199 — Time: 2026-07-01 16:46:38
[2026-07-01 16:46:40] [INFO] MediaMTX يعمل (PID: 2199)
[2026-07-01 16:46:40] [INFO] تشغيل camera-control.py (PTZ agent)...
[2026-07-01 16:46:41] [EVENT] camera-control.py started — PID: 2233 — Time: 2026-07-01 16:46:41
[2026-07-01 16:46:41] [INFO] camera-control.py يعمل (PID: 2233)
[2026-07-01 16:46:41] [INFO] تشغيل Cloudflare Tunnel...
[2026-07-01 16:46:41] [EVENT] Cloudflare Tunnel starting — Time: 2026-07-01 16:46:41
[2026-07-01 16:46:41] [INFO] انتظار URL من Cloudflare...
[2026-07-01 16:46:47] [EVENT] Cloudflare Tunnel URL received: https://campbell-protest-terrorism-canal.trycloudflare.com — Time: 2026-07-01 16:46:47
[2026-07-01 16:46:47] [INFO] تسجيل URL في Laravel API...
[2026-07-01 16:46:47] [SUCCESS] ✅ URL مسجّل بنجاح في Laravel!
[2026-07-01 16:46:47] [INFO]   → الكاميرات تعمل على: https://controlroom.dubibid.com/surveillance
[2026-07-01 16:46:47] [INFO] النظام يعمل. اضغط Ctrl+C للإيقاف.
[2026-07-01 16:46:47] [INFO] ملف السجل الكامل: /home/yazan/projects/rs-python-stream/system.log

========================================================
  RoadShield System Log
  Session started: 2026-07-01 17:27:44
========================================================
[2026-07-01 17:27:44] [EVENT] === SESSION START ===
[2026-07-01 17:27:44] [INFO] ملف السجل: ./system.log
[2026-07-01 17:27:44] [INFO] السيرفر: https://controlroom.dubibid.com
[2026-07-01 17:27:44] [INFO] المحلي:  MediaMTX ← كاميرات Hikvision
[2026-07-01 17:27:44] [INFO] ⏳ انتظار الاتصال بالإنترنت (مهلة: 120 ثانية)...
[2026-07-01 17:27:44] [INFO]    جهاز التحقق: 1.1.1.1
[2026-07-01 17:27:53] [WARN]   لا يوجد إنترنت بعد... (10/120 ثانية)
[2026-07-01 17:27:57] [EVENT] ✅ تم الحصول على الإنترنت في: 2026-07-01 17:27:57 (بعد 13 ثانية من بدء التشغيل)
[2026-07-01 17:27:57] [SUCCESS] ✅ الإنترنت متاح! (13s)
[2026-07-01 17:27:57] [INFO] تشغيل MediaMTX...
[2026-07-01 17:27:58] [EVENT] MediaMTX started — PID: 2232 — Time: 2026-07-01 17:27:58
[2026-07-01 17:28:00] [INFO] MediaMTX يعمل (PID: 2232)
[2026-07-01 17:28:00] [INFO] تشغيل camera-control.py (PTZ agent)...
[2026-07-01 17:28:01] [EVENT] camera-control.py started — PID: 2438 — Time: 2026-07-01 17:28:01
[2026-07-01 17:28:01] [INFO] camera-control.py يعمل (PID: 2438)
[2026-07-01 17:28:01] [INFO] تشغيل Cloudflare Tunnel...
[2026-07-01 17:28:01] [EVENT] Cloudflare Tunnel starting — Time: 2026-07-01 17:28:01
[2026-07-01 17:28:01] [INFO] انتظار URL من Cloudflare...
[2026-07-01 17:28:08] [EVENT] Cloudflare Tunnel URL received: https://holds-induced-clinics-root.trycloudflare.com — Time: 2026-07-01 17:28:08
[2026-07-01 17:28:08] [INFO] تسجيل URL في Laravel API...
[2026-07-01 17:28:09] [SUCCESS] ✅ URL مسجّل بنجاح في Laravel!
[2026-07-01 17:28:09] [INFO]   → الكاميرات تعمل على: https://controlroom.dubibid.com/surveillance
[2026-07-01 17:28:09] [INFO] النظام يعمل. اضغط Ctrl+C للإيقاف.
[2026-07-01 17:28:09] [INFO] ملف السجل الكامل: /home/yazan/projects/rs-python-stream/system.log

========================================================
  RoadShield System Log
  Session started: 1970-01-01 04:01:13
========================================================
[1970-01-01 04:01:13] [EVENT] === SESSION START ===
[1970-01-01 04:01:13] [INFO] ملف السجل: ./system.log
[1970-01-01 04:01:13] [INFO] السيرفر: https://controlroom.dubibid.com
[1970-01-01 04:01:13] [INFO] المحلي:  MediaMTX ← كاميرات Hikvision
[1970-01-01 04:01:13] [INFO] ⏳ انتظار الاتصال بالإنترنت (مهلة: 120 ثانية)...
[1970-01-01 04:01:13] [INFO]    جهاز التحقق: 1.1.1.1
[1970-01-01 04:01:23] [WARN]   لا يوجد إنترنت بعد... (10/120 ثانية)
[1970-01-01 04:01:36] [EVENT] ✅ تم الحصول على الإنترنت في: 1970-01-01 04:01:36 (بعد 16 ثانية من بدء التشغيل)
[1970-01-01 04:01:36] [SUCCESS] ✅ الإنترنت متاح! (16s)
[1970-01-01 04:01:36] [INFO] تشغيل MediaMTX...
[1970-01-01 04:01:37] [EVENT] MediaMTX started — PID: 2190 — Time: 1970-01-01 04:01:37
[1970-01-01 04:01:39] [INFO] MediaMTX يعمل (PID: 2190)
[1970-01-01 04:01:39] [INFO] تشغيل camera-control.py (PTZ agent)...
[1970-01-01 04:01:40] [EVENT] camera-control.py started — PID: 2208 — Time: 1970-01-01 04:01:40
[1970-01-01 04:01:40] [INFO] camera-control.py يعمل (PID: 2208)
[1970-01-01 04:01:40] [INFO] تشغيل Cloudflare Tunnel...
[1970-01-01 04:01:40] [EVENT] Cloudflare Tunnel starting — Time: 1970-01-01 04:01:40
[1970-01-01 04:01:40] [INFO] انتظار URL من Cloudflare...
[1970-01-01 04:01:41] [EVENT] Cloudflare Tunnel URL received: https://api.trycloudflare.com — Time: 1970-01-01 04:01:41
[1970-01-01 04:01:41] [INFO] تسجيل URL في Laravel API...
[1970-01-01 04:01:41] [ERROR] ❌ تعذّر الوصول لـ Laravel: https://controlroom.dubibid.com/api/surveillance/register-tunnel
[1970-01-01 04:01:41] [ERROR]   تأكد أن السيرفر يعمل ومتصل بالإنترنت
[1970-01-01 04:01:41] [INFO] النظام يعمل. اضغط Ctrl+C للإيقاف.
[1970-01-01 04:01:41] [INFO] ملف السجل الكامل: /home/yazan/projects/rs-python-stream/system.log

========================================================
  RoadShield System Log
  Session started: 2026-07-01 19:18:55
========================================================
[2026-07-01 19:18:55] [EVENT] === SESSION START ===
[2026-07-01 19:18:55] [INFO] ملف السجل: ./system.log
[2026-07-01 19:18:55] [INFO] السيرفر: https://controlroom.dubibid.com
[2026-07-01 19:18:55] [INFO] المحلي:  MediaMTX ← كاميرات Hikvision
[2026-07-01 19:18:55] [INFO] ⏳ انتظار الاتصال بالإنترنت (مهلة: 120 ثانية)...
[2026-07-01 19:18:55] [INFO]    جهاز التحقق: 1.1.1.1
[2026-07-01 19:19:04] [WARN]   لا يوجد إنترنت بعد... (10/120 ثانية)
[2026-07-01 19:19:07] [EVENT] ✅ تم الحصول على الإنترنت في: 2026-07-01 19:19:07 (بعد 12 ثانية من بدء التشغيل)
[2026-07-01 19:19:07] [SUCCESS] ✅ الإنترنت متاح! (12s)
[2026-07-01 19:19:07] [INFO] تشغيل MediaMTX...
[2026-07-01 19:19:08] [EVENT] MediaMTX started — PID: 2196 — Time: 2026-07-01 19:19:08
[2026-07-01 19:19:10] [INFO] MediaMTX يعمل (PID: 2196)
[2026-07-01 19:19:10] [INFO] تشغيل camera-control.py (PTZ agent)...
[2026-07-01 19:19:11] [EVENT] camera-control.py started — PID: 2212 — Time: 2026-07-01 19:19:11
[2026-07-01 19:19:11] [INFO] camera-control.py يعمل (PID: 2212)
[2026-07-01 19:19:11] [INFO] تشغيل Cloudflare Tunnel...
[2026-07-01 19:19:11] [EVENT] Cloudflare Tunnel starting — Time: 2026-07-01 19:19:11
[2026-07-01 19:19:11] [INFO] انتظار URL من Cloudflare...
[2026-07-01 19:19:17] [EVENT] Cloudflare Tunnel URL received: https://pottery-folk-sec-eagles.trycloudflare.com — Time: 2026-07-01 19:19:17
[2026-07-01 19:19:17] [INFO] تسجيل URL في Laravel API...
[2026-07-01 19:19:18] [SUCCESS] ✅ URL مسجّل بنجاح في Laravel!
[2026-07-01 19:19:18] [INFO]   → الكاميرات تعمل على: https://controlroom.dubibid.com/surveillance
[2026-07-01 19:19:18] [INFO] النظام يعمل. اضغط Ctrl+C للإيقاف.
[2026-07-01 19:19:18] [INFO] ملف السجل الكامل: /home/yazan/projects/rs-python-stream/system.log

========================================================
  RoadShield System Log
  Session started: 2026-07-01 19:46:42
========================================================
[2026-07-01 19:46:42] [EVENT] === SESSION START ===
[2026-07-01 19:46:42] [INFO] ملف السجل: ./system.log
[2026-07-01 19:46:42] [INFO] السيرفر: https://controlroom.dubibid.com
[2026-07-01 19:46:42] [INFO] المحلي:  MediaMTX ← كاميرات Hikvision
[2026-07-01 19:46:42] [INFO] ⏳ انتظار الاتصال بالإنترنت (مهلة: 120 ثانية)...
[2026-07-01 19:46:42] [INFO]    جهاز التحقق: 1.1.1.1
[2026-07-01 19:46:51] [WARN]   لا يوجد إنترنت بعد... (10/120 ثانية)
[2026-07-01 19:46:55] [EVENT] ✅ تم الحصول على الإنترنت في: 2026-07-01 19:46:55 (بعد 13 ثانية من بدء التشغيل)
[2026-07-01 19:46:55] [SUCCESS] ✅ الإنترنت متاح! (13s)
[2026-07-01 19:46:55] [INFO] تشغيل MediaMTX...
[2026-07-01 19:46:56] [EVENT] MediaMTX started — PID: 2398 — Time: 2026-07-01 19:46:56
[2026-07-01 19:46:58] [ERROR] MediaMTX فشل. راجع mediamtx.yml

========================================================
  RoadShield System Log
  Session started: 2026-07-01 19:47:03
========================================================
[2026-07-01 19:47:03] [EVENT] === SESSION START ===
[2026-07-01 19:47:03] [INFO] ملف السجل: ./system.log
[2026-07-01 19:47:03] [INFO] السيرفر: https://controlroom.dubibid.com
[2026-07-01 19:47:03] [INFO] المحلي:  MediaMTX ← كاميرات Hikvision
[2026-07-01 19:47:03] [INFO] ⏳ انتظار الاتصال بالإنترنت (مهلة: 120 ثانية)...
[2026-07-01 19:47:03] [INFO]    جهاز التحقق: 1.1.1.1
[2026-07-01 19:47:03] [EVENT] ✅ تم الحصول على الإنترنت في: 2026-07-01 19:47:03 (بعد 0 ثانية من بدء التشغيل)
[2026-07-01 19:47:03] [SUCCESS] ✅ الإنترنت متاح! (0s)
[2026-07-01 19:47:03] [INFO] تشغيل MediaMTX...
[2026-07-01 19:47:04] [EVENT] MediaMTX started — PID: 3368 — Time: 2026-07-01 19:47:04
[2026-07-01 19:47:06] [ERROR] MediaMTX فشل. راجع mediamtx.yml

========================================================
  RoadShield System Log
  Session started: 2026-07-01 19:50:01
========================================================
[2026-07-01 19:50:01] [EVENT] === SESSION START ===
[2026-07-01 19:50:01] [INFO] ملف السجل: ./system.log
[2026-07-01 19:50:01] [INFO] السيرفر: https://controlroom.dubibid.com
[2026-07-01 19:50:01] [INFO] المحلي:  MediaMTX ← كاميرات Hikvision
[2026-07-01 19:50:01] [INFO] ⏳ انتظار الاتصال بالإنترنت (مهلة: 120 ثانية)...
[2026-07-01 19:50:01] [INFO]    جهاز التحقق: 1.1.1.1
[2026-07-01 19:50:01] [EVENT] ✅ تم الحصول على الإنترنت في: 2026-07-01 19:50:01 (بعد 0 ثانية من بدء التشغيل)
[2026-07-01 19:50:01] [SUCCESS] ✅ الإنترنت متاح! (0s)
[2026-07-01 19:50:01] [INFO] تشغيل MediaMTX...
[2026-07-01 19:50:02] [EVENT] MediaMTX started — PID: 3439 — Time: 2026-07-01 19:50:02
[2026-07-01 19:50:04] [ERROR] MediaMTX فشل. راجع mediamtx.yml

========================================================
  RoadShield System Log
  Session started: 2026-07-01 19:50:09
========================================================
[2026-07-01 19:50:09] [EVENT] === SESSION START ===
[2026-07-01 19:50:09] [INFO] ملف السجل: ./system.log
[2026-07-01 19:50:09] [INFO] السيرفر: https://controlroom.dubibid.com
[2026-07-01 19:50:09] [INFO] المحلي:  MediaMTX ← كاميرات Hikvision
[2026-07-01 19:50:09] [INFO] ⏳ انتظار الاتصال بالإنترنت (مهلة: 120 ثانية)...
[2026-07-01 19:50:09] [INFO]    جهاز التحقق: 1.1.1.1
[2026-07-01 19:50:09] [EVENT] ✅ تم الحصول على الإنترنت في: 2026-07-01 19:50:09 (بعد 0 ثانية من بدء التشغيل)
[2026-07-01 19:50:09] [SUCCESS] ✅ الإنترنت متاح! (0s)
[2026-07-01 19:50:09] [INFO] تشغيل MediaMTX...
[2026-07-01 19:50:10] [EVENT] MediaMTX started — PID: 3485 — Time: 2026-07-01 19:50:10
[2026-07-01 19:50:12] [ERROR] MediaMTX فشل. راجع mediamtx.yml

========================================================
  RoadShield System Log
  Session started: 2026-07-01 19:50:17
========================================================
[2026-07-01 19:50:17] [EVENT] === SESSION START ===
[2026-07-01 19:50:17] [INFO] ملف السجل: ./system.log
[2026-07-01 19:50:17] [INFO] السيرفر: https://controlroom.dubibid.com
[2026-07-01 19:50:17] [INFO] المحلي:  MediaMTX ← كاميرات Hikvision
[2026-07-01 19:50:17] [INFO] ⏳ انتظار الاتصال بالإنترنت (مهلة: 120 ثانية)...
[2026-07-01 19:50:17] [INFO]    جهاز التحقق: 1.1.1.1
[2026-07-01 19:50:24] [EVENT] ✅ تم الحصول على الإنترنت في: 2026-07-01 19:50:24 (بعد 3 ثانية من بدء التشغيل)
[2026-07-01 19:50:24] [SUCCESS] ✅ الإنترنت متاح! (3s)
[2026-07-01 19:50:24] [INFO] تشغيل MediaMTX...
[2026-07-01 19:50:25] [EVENT] MediaMTX started — PID: 3536 — Time: 2026-07-01 19:50:25
[2026-07-01 19:50:27] [ERROR] MediaMTX فشل. راجع mediamtx.yml

========================================================
  RoadShield System Log
  Session started: 2026-07-01 19:50:32
========================================================
[2026-07-01 19:50:32] [EVENT] === SESSION START ===
[2026-07-01 19:50:32] [INFO] ملف السجل: ./system.log
[2026-07-01 19:50:32] [INFO] السيرفر: https://controlroom.dubibid.com
[2026-07-01 19:50:32] [INFO] المحلي:  MediaMTX ← كاميرات Hikvision
[2026-07-01 19:50:32] [INFO] ⏳ انتظار الاتصال بالإنترنت (مهلة: 120 ثانية)...
[2026-07-01 19:50:32] [INFO]    جهاز التحقق: 1.1.1.1
[2026-07-01 19:50:32] [EVENT] ✅ تم الحصول على الإنترنت في: 2026-07-01 19:50:32 (بعد 0 ثانية من بدء التشغيل)
[2026-07-01 19:50:32] [SUCCESS] ✅ الإنترنت متاح! (0s)
[2026-07-01 19:50:32] [INFO] تشغيل MediaMTX...
[2026-07-01 19:50:33] [EVENT] MediaMTX started — PID: 3571 — Time: 2026-07-01 19:50:33
[2026-07-01 19:50:35] [ERROR] MediaMTX فشل. راجع mediamtx.yml

========================================================
  RoadShield System Log
  Session started: 2026-07-01 19:50:40
========================================================
[2026-07-01 19:50:40] [EVENT] === SESSION START ===
[2026-07-01 19:50:41] [INFO] ملف السجل: ./system.log
[2026-07-01 19:50:41] [INFO] السيرفر: https://controlroom.dubibid.com
[2026-07-01 19:50:41] [INFO] المحلي:  MediaMTX ← كاميرات Hikvision
[2026-07-01 19:50:41] [INFO] ⏳ انتظار الاتصال بالإنترنت (مهلة: 120 ثانية)...
[2026-07-01 19:50:41] [INFO]    جهاز التحقق: 1.1.1.1
[2026-07-01 19:50:41] [EVENT] ✅ تم الحصول على الإنترنت في: 2026-07-01 19:50:41 (بعد 0 ثانية من بدء التشغيل)
[2026-07-01 19:50:41] [SUCCESS] ✅ الإنترنت متاح! (0s)
[2026-07-01 19:50:41] [INFO] تشغيل MediaMTX...
[2026-07-01 19:50:42] [EVENT] MediaMTX started — PID: 3614 — Time: 2026-07-01 19:50:42
[2026-07-01 19:50:44] [ERROR] MediaMTX فشل. راجع mediamtx.yml

========================================================
  RoadShield System Log
  Session started: 2026-07-01 19:50:49
========================================================
[2026-07-01 19:50:49] [EVENT] === SESSION START ===
[2026-07-01 19:50:49] [INFO] ملف السجل: ./system.log
[2026-07-01 19:50:49] [INFO] السيرفر: https://controlroom.dubibid.com
[2026-07-01 19:50:49] [INFO] المحلي:  MediaMTX ← كاميرات Hikvision
[2026-07-01 19:50:49] [INFO] ⏳ انتظار الاتصال بالإنترنت (مهلة: 120 ثانية)...
[2026-07-01 19:50:49] [INFO]    جهاز التحقق: 1.1.1.1
[2026-07-01 19:50:49] [EVENT] ✅ تم الحصول على الإنترنت في: 2026-07-01 19:50:49 (بعد 0 ثانية من بدء التشغيل)
[2026-07-01 19:50:49] [SUCCESS] ✅ الإنترنت متاح! (0s)
[2026-07-01 19:50:49] [INFO] تشغيل MediaMTX...
[2026-07-01 19:50:50] [EVENT] MediaMTX started — PID: 3671 — Time: 2026-07-01 19:50:50
[2026-07-01 19:50:52] [ERROR] MediaMTX فشل. راجع mediamtx.yml

========================================================
  RoadShield System Log
  Session started: 2026-07-01 19:50:57
========================================================
[2026-07-01 19:50:57] [EVENT] === SESSION START ===
[2026-07-01 19:50:57] [INFO] ملف السجل: ./system.log
[2026-07-01 19:50:57] [INFO] السيرفر: https://controlroom.dubibid.com
[2026-07-01 19:50:57] [INFO] المحلي:  MediaMTX ← كاميرات Hikvision
[2026-07-01 19:50:57] [INFO] ⏳ انتظار الاتصال بالإنترنت (مهلة: 120 ثانية)...
[2026-07-01 19:50:57] [INFO]    جهاز التحقق: 1.1.1.1
[2026-07-01 19:50:57] [EVENT] ✅ تم الحصول على الإنترنت في: 2026-07-01 19:50:57 (بعد 0 ثانية من بدء التشغيل)
[2026-07-01 19:50:57] [SUCCESS] ✅ الإنترنت متاح! (0s)
[2026-07-01 19:50:57] [INFO] تشغيل MediaMTX...
[2026-07-01 19:50:58] [EVENT] MediaMTX started — PID: 3743 — Time: 2026-07-01 19:50:58
[2026-07-01 19:51:00] [ERROR] MediaMTX فشل. راجع mediamtx.yml

========================================================
  RoadShield System Log
  Session started: 2026-07-01 19:51:05
========================================================
[2026-07-01 19:51:05] [EVENT] === SESSION START ===
[2026-07-01 19:51:05] [INFO] ملف السجل: ./system.log
[2026-07-01 19:51:05] [INFO] السيرفر: https://controlroom.dubibid.com
[2026-07-01 19:51:05] [INFO] المحلي:  MediaMTX ← كاميرات Hikvision
[2026-07-01 19:51:05] [INFO] ⏳ انتظار الاتصال بالإنترنت (مهلة: 120 ثانية)...
[2026-07-01 19:51:05] [INFO]    جهاز التحقق: 1.1.1.1
[2026-07-01 19:51:05] [EVENT] ✅ تم الحصول على الإنترنت في: 2026-07-01 19:51:05 (بعد 0 ثانية من بدء التشغيل)
[2026-07-01 19:51:05] [SUCCESS] ✅ الإنترنت متاح! (0s)
[2026-07-01 19:51:05] [INFO] تشغيل MediaMTX...
[2026-07-01 19:51:06] [EVENT] MediaMTX started — PID: 3776 — Time: 2026-07-01 19:51:06
[2026-07-01 19:51:08] [ERROR] MediaMTX فشل. راجع mediamtx.yml

========================================================
  RoadShield System Log
  Session started: 2026-07-01 19:51:13
========================================================
[2026-07-01 19:51:13] [EVENT] === SESSION START ===
[2026-07-01 19:51:14] [INFO] ملف السجل: ./system.log
[2026-07-01 19:51:14] [INFO] السيرفر: https://controlroom.dubibid.com
[2026-07-01 19:51:14] [INFO] المحلي:  MediaMTX ← كاميرات Hikvision
[2026-07-01 19:51:14] [INFO] ⏳ انتظار الاتصال بالإنترنت (مهلة: 120 ثانية)...
[2026-07-01 19:51:14] [INFO]    جهاز التحقق: 1.1.1.1
[2026-07-01 19:51:14] [EVENT] ✅ تم الحصول على الإنترنت في: 2026-07-01 19:51:14 (بعد 0 ثانية من بدء التشغيل)
[2026-07-01 19:51:14] [SUCCESS] ✅ الإنترنت متاح! (0s)
[2026-07-01 19:51:14] [INFO] تشغيل MediaMTX...
[2026-07-01 19:51:15] [EVENT] MediaMTX started — PID: 3814 — Time: 2026-07-01 19:51:15
[2026-07-01 19:51:17] [ERROR] MediaMTX فشل. راجع mediamtx.yml

========================================================
  RoadShield System Log
  Session started: 2026-07-01 19:51:22
========================================================
[2026-07-01 19:51:22] [EVENT] === SESSION START ===
[2026-07-01 19:51:22] [INFO] ملف السجل: ./system.log
[2026-07-01 19:51:22] [INFO] السيرفر: https://controlroom.dubibid.com
[2026-07-01 19:51:22] [INFO] المحلي:  MediaMTX ← كاميرات Hikvision
[2026-07-01 19:51:22] [INFO] ⏳ انتظار الاتصال بالإنترنت (مهلة: 120 ثانية)...
[2026-07-01 19:51:22] [INFO]    جهاز التحقق: 1.1.1.1
[2026-07-01 19:51:22] [EVENT] ✅ تم الحصول على الإنترنت في: 2026-07-01 19:51:22 (بعد 0 ثانية من بدء التشغيل)
[2026-07-01 19:51:22] [SUCCESS] ✅ الإنترنت متاح! (0s)
[2026-07-01 19:51:22] [INFO] تشغيل MediaMTX...
[2026-07-01 19:51:23] [EVENT] MediaMTX started — PID: 3848 — Time: 2026-07-01 19:51:23
[2026-07-01 19:51:25] [ERROR] MediaMTX فشل. راجع mediamtx.yml

========================================================
  RoadShield System Log
  Session started: 2026-07-01 19:51:30
========================================================
[2026-07-01 19:51:30] [EVENT] === SESSION START ===
[2026-07-01 19:51:30] [INFO] ملف السجل: ./system.log
[2026-07-01 19:51:30] [INFO] السيرفر: https://controlroom.dubibid.com
[2026-07-01 19:51:30] [INFO] المحلي:  MediaMTX ← كاميرات Hikvision
[2026-07-01 19:51:30] [INFO] ⏳ انتظار الاتصال بالإنترنت (مهلة: 120 ثانية)...
[2026-07-01 19:51:30] [INFO]    جهاز التحقق: 1.1.1.1
[2026-07-01 19:51:30] [EVENT] ✅ تم الحصول على الإنترنت في: 2026-07-01 19:51:30 (بعد 0 ثانية من بدء التشغيل)
[2026-07-01 19:51:30] [SUCCESS] ✅ الإنترنت متاح! (0s)
[2026-07-01 19:51:30] [INFO] تشغيل MediaMTX...
[2026-07-01 19:51:31] [EVENT] MediaMTX started — PID: 3885 — Time: 2026-07-01 19:51:31
[2026-07-01 19:51:33] [ERROR] MediaMTX فشل. راجع mediamtx.yml

========================================================
  RoadShield System Log
  Session started: 2026-07-01 19:51:38
========================================================
[2026-07-01 19:51:38] [EVENT] === SESSION START ===
[2026-07-01 19:51:38] [INFO] ملف السجل: ./system.log
[2026-07-01 19:51:38] [INFO] السيرفر: https://controlroom.dubibid.com
[2026-07-01 19:51:38] [INFO] المحلي:  MediaMTX ← كاميرات Hikvision
[2026-07-01 19:51:38] [INFO] ⏳ انتظار الاتصال بالإنترنت (مهلة: 120 ثانية)...
[2026-07-01 19:51:38] [INFO]    جهاز التحقق: 1.1.1.1
[2026-07-01 19:51:38] [EVENT] ✅ تم الحصول على الإنترنت في: 2026-07-01 19:51:38 (بعد 0 ثانية من بدء التشغيل)
[2026-07-01 19:51:38] [SUCCESS] ✅ الإنترنت متاح! (0s)
[2026-07-01 19:51:38] [INFO] تشغيل MediaMTX...
[2026-07-01 19:51:39] [EVENT] MediaMTX started — PID: 3920 — Time: 2026-07-01 19:51:39
[2026-07-01 19:51:41] [ERROR] MediaMTX فشل. راجع mediamtx.yml

========================================================
  RoadShield System Log
  Session started: 2026-07-01 19:51:46
========================================================
[2026-07-01 19:51:46] [EVENT] === SESSION START ===
[2026-07-01 19:51:47] [INFO] ملف السجل: ./system.log
[2026-07-01 19:51:47] [INFO] السيرفر: https://controlroom.dubibid.com
[2026-07-01 19:51:47] [INFO] المحلي:  MediaMTX ← كاميرات Hikvision
[2026-07-01 19:51:47] [INFO] ⏳ انتظار الاتصال بالإنترنت (مهلة: 120 ثانية)...
[2026-07-01 19:51:47] [INFO]    جهاز التحقق: 1.1.1.1
[2026-07-01 19:51:47] [EVENT] ✅ تم الحصول على الإنترنت في: 2026-07-01 19:51:47 (بعد 0 ثانية من بدء التشغيل)
[2026-07-01 19:51:47] [SUCCESS] ✅ الإنترنت متاح! (0s)
[2026-07-01 19:51:47] [INFO] تشغيل MediaMTX...
[2026-07-01 19:51:48] [EVENT] MediaMTX started — PID: 3961 — Time: 2026-07-01 19:51:48
[2026-07-01 19:51:50] [ERROR] MediaMTX فشل. راجع mediamtx.yml

========================================================
  RoadShield System Log
  Session started: 2026-07-01 19:51:55
========================================================
[2026-07-01 19:51:55] [EVENT] === SESSION START ===
[2026-07-01 19:51:55] [INFO] ملف السجل: ./system.log
[2026-07-01 19:51:55] [INFO] السيرفر: https://controlroom.dubibid.com
[2026-07-01 19:51:55] [INFO] المحلي:  MediaMTX ← كاميرات Hikvision
[2026-07-01 19:51:55] [INFO] ⏳ انتظار الاتصال بالإنترنت (مهلة: 120 ثانية)...
[2026-07-01 19:51:55] [INFO]    جهاز التحقق: 1.1.1.1
[2026-07-01 19:51:55] [EVENT] ✅ تم الحصول على الإنترنت في: 2026-07-01 19:51:55 (بعد 0 ثانية من بدء التشغيل)
[2026-07-01 19:51:55] [SUCCESS] ✅ الإنترنت متاح! (0s)
[2026-07-01 19:51:55] [INFO] تشغيل MediaMTX...
[2026-07-01 19:51:56] [EVENT] MediaMTX started — PID: 3998 — Time: 2026-07-01 19:51:56
[2026-07-01 19:51:58] [ERROR] MediaMTX فشل. راجع mediamtx.yml

========================================================
  RoadShield System Log
  Session started: 2026-07-01 19:52:03
========================================================
[2026-07-01 19:52:03] [EVENT] === SESSION START ===
[2026-07-01 19:52:03] [INFO] ملف السجل: ./system.log
[2026-07-01 19:52:03] [INFO] السيرفر: https://controlroom.dubibid.com
[2026-07-01 19:52:03] [INFO] المحلي:  MediaMTX ← كاميرات Hikvision
[2026-07-01 19:52:03] [INFO] ⏳ انتظار الاتصال بالإنترنت (مهلة: 120 ثانية)...
[2026-07-01 19:52:03] [INFO]    جهاز التحقق: 1.1.1.1
[2026-07-01 19:52:03] [EVENT] ✅ تم الحصول على الإنترنت في: 2026-07-01 19:52:03 (بعد 0 ثانية من بدء التشغيل)
[2026-07-01 19:52:03] [SUCCESS] ✅ الإنترنت متاح! (0s)
[2026-07-01 19:52:03] [INFO] تشغيل MediaMTX...
[2026-07-01 19:52:04] [EVENT] MediaMTX started — PID: 4035 — Time: 2026-07-01 19:52:04
[2026-07-01 19:52:06] [ERROR] MediaMTX فشل. راجع mediamtx.yml

========================================================
  RoadShield System Log
  Session started: 2026-07-01 19:52:11
========================================================
[2026-07-01 19:52:11] [EVENT] === SESSION START ===
[2026-07-01 19:52:11] [INFO] ملف السجل: ./system.log
[2026-07-01 19:52:11] [INFO] السيرفر: https://controlroom.dubibid.com
[2026-07-01 19:52:11] [INFO] المحلي:  MediaMTX ← كاميرات Hikvision
[2026-07-01 19:52:11] [INFO] ⏳ انتظار الاتصال بالإنترنت (مهلة: 120 ثانية)...
[2026-07-01 19:52:11] [INFO]    جهاز التحقق: 1.1.1.1
[2026-07-01 19:52:11] [EVENT] ✅ تم الحصول على الإنترنت في: 2026-07-01 19:52:11 (بعد 0 ثانية من بدء التشغيل)
[2026-07-01 19:52:11] [SUCCESS] ✅ الإنترنت متاح! (0s)
[2026-07-01 19:52:11] [INFO] تشغيل MediaMTX...
[2026-07-01 19:52:12] [EVENT] MediaMTX started — PID: 4071 — Time: 2026-07-01 19:52:12
[2026-07-01 19:52:14] [ERROR] MediaMTX فشل. راجع mediamtx.yml

========================================================
  RoadShield System Log
  Session started: 2026-07-01 19:52:19
========================================================
[2026-07-01 19:52:20] [EVENT] === SESSION START ===
[2026-07-01 19:52:20] [INFO] ملف السجل: ./system.log
[2026-07-01 19:52:20] [INFO] السيرفر: https://controlroom.dubibid.com
[2026-07-01 19:52:20] [INFO] المحلي:  MediaMTX ← كاميرات Hikvision
[2026-07-01 19:52:20] [INFO] ⏳ انتظار الاتصال بالإنترنت (مهلة: 120 ثانية)...
[2026-07-01 19:52:20] [INFO]    جهاز التحقق: 1.1.1.1
[2026-07-01 19:52:20] [EVENT] ✅ تم الحصول على الإنترنت في: 2026-07-01 19:52:20 (بعد 0 ثانية من بدء التشغيل)
[2026-07-01 19:52:20] [SUCCESS] ✅ الإنترنت متاح! (0s)
[2026-07-01 19:52:20] [INFO] تشغيل MediaMTX...
[2026-07-01 19:52:21] [EVENT] MediaMTX started — PID: 4100 — Time: 2026-07-01 19:52:21
[2026-07-01 19:52:23] [ERROR] MediaMTX فشل. راجع mediamtx.yml

========================================================
  RoadShield System Log
  Session started: 2026-07-01 19:52:28
========================================================
[2026-07-01 19:52:28] [EVENT] === SESSION START ===
[2026-07-01 19:52:28] [INFO] ملف السجل: ./system.log
[2026-07-01 19:52:28] [INFO] السيرفر: https://controlroom.dubibid.com
[2026-07-01 19:52:28] [INFO] المحلي:  MediaMTX ← كاميرات Hikvision
[2026-07-01 19:52:28] [INFO] ⏳ انتظار الاتصال بالإنترنت (مهلة: 120 ثانية)...
[2026-07-01 19:52:28] [INFO]    جهاز التحقق: 1.1.1.1
[2026-07-01 19:52:28] [EVENT] ✅ تم الحصول على الإنترنت في: 2026-07-01 19:52:28 (بعد 0 ثانية من بدء التشغيل)
[2026-07-01 19:52:28] [SUCCESS] ✅ الإنترنت متاح! (0s)
[2026-07-01 19:52:28] [INFO] تشغيل MediaMTX...
[2026-07-01 19:52:29] [EVENT] MediaMTX started — PID: 4137 — Time: 2026-07-01 19:52:29
[2026-07-01 19:52:31] [ERROR] MediaMTX فشل. راجع mediamtx.yml

========================================================
  RoadShield System Log
  Session started: 2026-07-01 19:52:36
========================================================
[2026-07-01 19:52:36] [EVENT] === SESSION START ===
[2026-07-01 19:52:36] [INFO] ملف السجل: ./system.log
[2026-07-01 19:52:36] [INFO] السيرفر: https://controlroom.dubibid.com
[2026-07-01 19:52:36] [INFO] المحلي:  MediaMTX ← كاميرات Hikvision
[2026-07-01 19:52:36] [INFO] ⏳ انتظار الاتصال بالإنترنت (مهلة: 120 ثانية)...
[2026-07-01 19:52:36] [INFO]    جهاز التحقق: 1.1.1.1
[2026-07-01 19:52:36] [EVENT] ✅ تم الحصول على الإنترنت في: 2026-07-01 19:52:36 (بعد 0 ثانية من بدء التشغيل)
[2026-07-01 19:52:36] [SUCCESS] ✅ الإنترنت متاح! (0s)
[2026-07-01 19:52:36] [INFO] تشغيل MediaMTX...
[2026-07-01 19:52:37] [EVENT] MediaMTX started — PID: 4166 — Time: 2026-07-01 19:52:37
[2026-07-01 19:52:39] [ERROR] MediaMTX فشل. راجع mediamtx.yml

========================================================
  RoadShield System Log
  Session started: 2026-07-01 19:52:44
========================================================
[2026-07-01 19:52:44] [EVENT] === SESSION START ===
[2026-07-01 19:52:44] [INFO] ملف السجل: ./system.log
[2026-07-01 19:52:44] [INFO] السيرفر: https://controlroom.dubibid.com
[2026-07-01 19:52:44] [INFO] المحلي:  MediaMTX ← كاميرات Hikvision
[2026-07-01 19:52:44] [INFO] ⏳ انتظار الاتصال بالإنترنت (مهلة: 120 ثانية)...
[2026-07-01 19:52:44] [INFO]    جهاز التحقق: 1.1.1.1
[2026-07-01 19:52:44] [EVENT] ✅ تم الحصول على الإنترنت في: 2026-07-01 19:52:44 (بعد 0 ثانية من بدء التشغيل)
[2026-07-01 19:52:44] [SUCCESS] ✅ الإنترنت متاح! (0s)
[2026-07-01 19:52:44] [INFO] تشغيل MediaMTX...
[2026-07-01 19:52:45] [EVENT] MediaMTX started — PID: 4264 — Time: 2026-07-01 19:52:45
[2026-07-01 19:52:47] [ERROR] MediaMTX فشل. راجع mediamtx.yml

========================================================
  RoadShield System Log
  Session started: 2026-07-01 19:52:52
========================================================
[2026-07-01 19:52:53] [EVENT] === SESSION START ===
[2026-07-01 19:52:53] [INFO] ملف السجل: ./system.log
[2026-07-01 19:52:53] [INFO] السيرفر: https://controlroom.dubibid.com
[2026-07-01 19:52:53] [INFO] المحلي:  MediaMTX ← كاميرات Hikvision
[2026-07-01 19:52:53] [INFO] ⏳ انتظار الاتصال بالإنترنت (مهلة: 120 ثانية)...
[2026-07-01 19:52:53] [INFO]    جهاز التحقق: 1.1.1.1
[2026-07-01 19:52:53] [EVENT] ✅ تم الحصول على الإنترنت في: 2026-07-01 19:52:53 (بعد 0 ثانية من بدء التشغيل)
[2026-07-01 19:52:53] [SUCCESS] ✅ الإنترنت متاح! (0s)
[2026-07-01 19:52:53] [INFO] تشغيل MediaMTX...
[2026-07-01 19:52:54] [EVENT] MediaMTX started — PID: 4298 — Time: 2026-07-01 19:52:54
[2026-07-01 19:52:56] [ERROR] MediaMTX فشل. راجع mediamtx.yml

========================================================
  RoadShield System Log
  Session started: 2026-07-01 19:53:01
========================================================
[2026-07-01 19:53:01] [EVENT] === SESSION START ===
[2026-07-01 19:53:01] [INFO] ملف السجل: ./system.log
[2026-07-01 19:53:01] [INFO] السيرفر: https://controlroom.dubibid.com
[2026-07-01 19:53:01] [INFO] المحلي:  MediaMTX ← كاميرات Hikvision
[2026-07-01 19:53:01] [INFO] ⏳ انتظار الاتصال بالإنترنت (مهلة: 120 ثانية)...
[2026-07-01 19:53:01] [INFO]    جهاز التحقق: 1.1.1.1
[2026-07-01 19:53:01] [EVENT] ✅ تم الحصول على الإنترنت في: 2026-07-01 19:53:01 (بعد 0 ثانية من بدء التشغيل)
[2026-07-01 19:53:01] [SUCCESS] ✅ الإنترنت متاح! (0s)
[2026-07-01 19:53:01] [INFO] تشغيل MediaMTX...
[2026-07-01 19:53:02] [EVENT] MediaMTX started — PID: 4334 — Time: 2026-07-01 19:53:02
[2026-07-01 19:53:04] [ERROR] MediaMTX فشل. راجع mediamtx.yml

========================================================
  RoadShield System Log
  Session started: 2026-07-01 19:53:09
========================================================
[2026-07-01 19:53:09] [EVENT] === SESSION START ===
[2026-07-01 19:53:09] [INFO] ملف السجل: ./system.log
[2026-07-01 19:53:09] [INFO] السيرفر: https://controlroom.dubibid.com
[2026-07-01 19:53:09] [INFO] المحلي:  MediaMTX ← كاميرات Hikvision
[2026-07-01 19:53:09] [INFO] ⏳ انتظار الاتصال بالإنترنت (مهلة: 120 ثانية)...
[2026-07-01 19:53:09] [INFO]    جهاز التحقق: 1.1.1.1
[2026-07-01 19:53:09] [EVENT] ✅ تم الحصول على الإنترنت في: 2026-07-01 19:53:09 (بعد 0 ثانية من بدء التشغيل)
[2026-07-01 19:53:09] [SUCCESS] ✅ الإنترنت متاح! (0s)
[2026-07-01 19:53:09] [INFO] تشغيل MediaMTX...
[2026-07-01 19:53:10] [EVENT] MediaMTX started — PID: 4374 — Time: 2026-07-01 19:53:10
[2026-07-01 19:53:12] [ERROR] MediaMTX فشل. راجع mediamtx.yml

========================================================
  RoadShield System Log
  Session started: 2026-07-01 19:53:17
========================================================
[2026-07-01 19:53:17] [EVENT] === SESSION START ===
[2026-07-01 19:53:17] [INFO] ملف السجل: ./system.log
[2026-07-01 19:53:17] [INFO] السيرفر: https://controlroom.dubibid.com
[2026-07-01 19:53:17] [INFO] المحلي:  MediaMTX ← كاميرات Hikvision
[2026-07-01 19:53:17] [INFO] ⏳ انتظار الاتصال بالإنترنت (مهلة: 120 ثانية)...
[2026-07-01 19:53:17] [INFO]    جهاز التحقق: 1.1.1.1
[2026-07-01 19:53:17] [EVENT] ✅ تم الحصول على الإنترنت في: 2026-07-01 19:53:17 (بعد 0 ثانية من بدء التشغيل)
[2026-07-01 19:53:17] [SUCCESS] ✅ الإنترنت متاح! (0s)
[2026-07-01 19:53:17] [INFO] تشغيل MediaMTX...
[2026-07-01 19:53:18] [EVENT] MediaMTX started — PID: 4410 — Time: 2026-07-01 19:53:18
[2026-07-01 19:53:20] [ERROR] MediaMTX فشل. راجع mediamtx.yml

========================================================
  RoadShield System Log
  Session started: 2026-07-01 19:53:25
========================================================
[2026-07-01 19:53:26] [EVENT] === SESSION START ===
[2026-07-01 19:53:26] [INFO] ملف السجل: ./system.log
[2026-07-01 19:53:26] [INFO] السيرفر: https://controlroom.dubibid.com
[2026-07-01 19:53:26] [INFO] المحلي:  MediaMTX ← كاميرات Hikvision
[2026-07-01 19:53:26] [INFO] ⏳ انتظار الاتصال بالإنترنت (مهلة: 120 ثانية)...
[2026-07-01 19:53:26] [INFO]    جهاز التحقق: 1.1.1.1
[2026-07-01 19:53:26] [EVENT] ✅ تم الحصول على الإنترنت في: 2026-07-01 19:53:26 (بعد 0 ثانية من بدء التشغيل)
[2026-07-01 19:53:26] [SUCCESS] ✅ الإنترنت متاح! (0s)
[2026-07-01 19:53:26] [INFO] تشغيل MediaMTX...
[2026-07-01 19:53:27] [EVENT] MediaMTX started — PID: 4446 — Time: 2026-07-01 19:53:27
[2026-07-01 19:53:29] [ERROR] MediaMTX فشل. راجع mediamtx.yml

========================================================
  RoadShield System Log
  Session started: 2026-07-01 19:53:34
========================================================
[2026-07-01 19:53:34] [EVENT] === SESSION START ===
[2026-07-01 19:53:34] [INFO] ملف السجل: ./system.log
[2026-07-01 19:53:34] [INFO] السيرفر: https://controlroom.dubibid.com
[2026-07-01 19:53:34] [INFO] المحلي:  MediaMTX ← كاميرات Hikvision
[2026-07-01 19:53:34] [INFO] ⏳ انتظار الاتصال بالإنترنت (مهلة: 120 ثانية)...
[2026-07-01 19:53:34] [INFO]    جهاز التحقق: 1.1.1.1
[2026-07-01 19:53:34] [EVENT] ✅ تم الحصول على الإنترنت في: 2026-07-01 19:53:34 (بعد 0 ثانية من بدء التشغيل)
[2026-07-01 19:53:34] [SUCCESS] ✅ الإنترنت متاح! (0s)
[2026-07-01 19:53:34] [INFO] تشغيل MediaMTX...
[2026-07-01 19:53:35] [EVENT] MediaMTX started — PID: 4477 — Time: 2026-07-01 19:53:35
[2026-07-01 19:53:37] [ERROR] MediaMTX فشل. راجع mediamtx.yml

========================================================
  RoadShield System Log
  Session started: 2026-07-01 19:53:42
========================================================
[2026-07-01 19:53:42] [EVENT] === SESSION START ===
[2026-07-01 19:53:42] [INFO] ملف السجل: ./system.log
[2026-07-01 19:53:42] [INFO] السيرفر: https://controlroom.dubibid.com
[2026-07-01 19:53:42] [INFO] المحلي:  MediaMTX ← كاميرات Hikvision
[2026-07-01 19:53:42] [INFO] ⏳ انتظار الاتصال بالإنترنت (مهلة: 120 ثانية)...
[2026-07-01 19:53:42] [INFO]    جهاز التحقق: 1.1.1.1
[2026-07-01 19:53:42] [EVENT] ✅ تم الحصول على الإنترنت في: 2026-07-01 19:53:42 (بعد 0 ثانية من بدء التشغيل)
[2026-07-01 19:53:42] [SUCCESS] ✅ الإنترنت متاح! (0s)
[2026-07-01 19:53:42] [INFO] تشغيل MediaMTX...
[2026-07-01 19:53:43] [EVENT] MediaMTX started — PID: 4516 — Time: 2026-07-01 19:53:43
[2026-07-01 19:53:45] [ERROR] MediaMTX فشل. راجع mediamtx.yml

========================================================
  RoadShield System Log
  Session started: 2026-07-01 19:53:50
========================================================
[2026-07-01 19:53:50] [EVENT] === SESSION START ===
[2026-07-01 19:53:50] [INFO] ملف السجل: ./system.log
[2026-07-01 19:53:50] [INFO] السيرفر: https://controlroom.dubibid.com
[2026-07-01 19:53:50] [INFO] المحلي:  MediaMTX ← كاميرات Hikvision
[2026-07-01 19:53:50] [INFO] ⏳ انتظار الاتصال بالإنترنت (مهلة: 120 ثانية)...
[2026-07-01 19:53:50] [INFO]    جهاز التحقق: 1.1.1.1
[2026-07-01 19:53:50] [EVENT] ✅ تم الحصول على الإنترنت في: 2026-07-01 19:53:50 (بعد 0 ثانية من بدء التشغيل)
[2026-07-01 19:53:50] [SUCCESS] ✅ الإنترنت متاح! (0s)
[2026-07-01 19:53:50] [INFO] تشغيل MediaMTX...
[2026-07-01 19:53:51] [EVENT] MediaMTX started — PID: 4557 — Time: 2026-07-01 19:53:51
[2026-07-01 19:53:53] [ERROR] MediaMTX فشل. راجع mediamtx.yml

========================================================
  RoadShield System Log
  Session started: 2026-07-01 19:53:58
========================================================
[2026-07-01 19:53:59] [EVENT] === SESSION START ===
[2026-07-01 19:53:59] [INFO] ملف السجل: ./system.log
[2026-07-01 19:53:59] [INFO] السيرفر: https://controlroom.dubibid.com
[2026-07-01 19:53:59] [INFO] المحلي:  MediaMTX ← كاميرات Hikvision
[2026-07-01 19:53:59] [INFO] ⏳ انتظار الاتصال بالإنترنت (مهلة: 120 ثانية)...
[2026-07-01 19:53:59] [INFO]    جهاز التحقق: 1.1.1.1
[2026-07-01 19:53:59] [EVENT] ✅ تم الحصول على الإنترنت في: 2026-07-01 19:53:59 (بعد 0 ثانية من بدء التشغيل)
[2026-07-01 19:53:59] [SUCCESS] ✅ الإنترنت متاح! (0s)
[2026-07-01 19:53:59] [INFO] تشغيل MediaMTX...
[2026-07-01 19:54:00] [EVENT] MediaMTX started — PID: 4589 — Time: 2026-07-01 19:54:00
[2026-07-01 19:54:02] [ERROR] MediaMTX فشل. راجع mediamtx.yml

========================================================
  RoadShield System Log
  Session started: 2026-07-01 19:54:07
========================================================
[2026-07-01 19:54:07] [EVENT] === SESSION START ===
[2026-07-01 19:54:07] [INFO] ملف السجل: ./system.log
[2026-07-01 19:54:07] [INFO] السيرفر: https://controlroom.dubibid.com
[2026-07-01 19:54:07] [INFO] المحلي:  MediaMTX ← كاميرات Hikvision
[2026-07-01 19:54:07] [INFO] ⏳ انتظار الاتصال بالإنترنت (مهلة: 120 ثانية)...
[2026-07-01 19:54:07] [INFO]    جهاز التحقق: 1.1.1.1
[2026-07-01 19:54:07] [EVENT] ✅ تم الحصول على الإنترنت في: 2026-07-01 19:54:07 (بعد 0 ثانية من بدء التشغيل)
[2026-07-01 19:54:07] [SUCCESS] ✅ الإنترنت متاح! (0s)
[2026-07-01 19:54:07] [INFO] تشغيل MediaMTX...
[2026-07-01 19:54:08] [EVENT] MediaMTX started — PID: 4630 — Time: 2026-07-01 19:54:08
[2026-07-01 19:54:10] [ERROR] MediaMTX فشل. راجع mediamtx.yml

========================================================
  RoadShield System Log
  Session started: 2026-07-01 19:54:15
========================================================
[2026-07-01 19:54:15] [EVENT] === SESSION START ===
[2026-07-01 19:54:15] [INFO] ملف السجل: ./system.log
[2026-07-01 19:54:15] [INFO] السيرفر: https://controlroom.dubibid.com
[2026-07-01 19:54:15] [INFO] المحلي:  MediaMTX ← كاميرات Hikvision
[2026-07-01 19:54:15] [INFO] ⏳ انتظار الاتصال بالإنترنت (مهلة: 120 ثانية)...
[2026-07-01 19:54:15] [INFO]    جهاز التحقق: 1.1.1.1
[2026-07-01 19:54:15] [EVENT] ✅ تم الحصول على الإنترنت في: 2026-07-01 19:54:15 (بعد 0 ثانية من بدء التشغيل)
[2026-07-01 19:54:15] [SUCCESS] ✅ الإنترنت متاح! (0s)
[2026-07-01 19:54:15] [INFO] تشغيل MediaMTX...
[2026-07-01 19:54:16] [EVENT] MediaMTX started — PID: 5148 — Time: 2026-07-01 19:54:16
[2026-07-01 19:54:18] [ERROR] MediaMTX فشل. راجع mediamtx.yml

========================================================
  RoadShield System Log
  Session started: 2026-07-01 19:54:23
========================================================
[2026-07-01 19:54:23] [EVENT] === SESSION START ===
[2026-07-01 19:54:23] [INFO] ملف السجل: ./system.log
[2026-07-01 19:54:23] [INFO] السيرفر: https://controlroom.dubibid.com
[2026-07-01 19:54:23] [INFO] المحلي:  MediaMTX ← كاميرات Hikvision
[2026-07-01 19:54:23] [INFO] ⏳ انتظار الاتصال بالإنترنت (مهلة: 120 ثانية)...
[2026-07-01 19:54:23] [INFO]    جهاز التحقق: 1.1.1.1
[2026-07-01 19:54:23] [EVENT] ✅ تم الحصول على الإنترنت في: 2026-07-01 19:54:23 (بعد 0 ثانية من بدء التشغيل)
[2026-07-01 19:54:23] [SUCCESS] ✅ الإنترنت متاح! (0s)
[2026-07-01 19:54:23] [INFO] تشغيل MediaMTX...
[2026-07-01 19:54:24] [EVENT] MediaMTX started — PID: 5257 — Time: 2026-07-01 19:54:24
[2026-07-01 19:54:26] [ERROR] MediaMTX فشل. راجع mediamtx.yml

========================================================
  RoadShield System Log
  Session started: 2026-07-01 19:54:31
========================================================
[2026-07-01 19:54:31] [EVENT] === SESSION START ===
[2026-07-01 19:54:32] [INFO] ملف السجل: ./system.log
[2026-07-01 19:54:32] [INFO] السيرفر: https://controlroom.dubibid.com
[2026-07-01 19:54:32] [INFO] المحلي:  MediaMTX ← كاميرات Hikvision
[2026-07-01 19:54:32] [INFO] ⏳ انتظار الاتصال بالإنترنت (مهلة: 120 ثانية)...
[2026-07-01 19:54:32] [INFO]    جهاز التحقق: 1.1.1.1
[2026-07-01 19:54:32] [EVENT] ✅ تم الحصول على الإنترنت في: 2026-07-01 19:54:32 (بعد 0 ثانية من بدء التشغيل)
[2026-07-01 19:54:32] [SUCCESS] ✅ الإنترنت متاح! (0s)
[2026-07-01 19:54:32] [INFO] تشغيل MediaMTX...
[2026-07-01 19:54:33] [EVENT] MediaMTX started — PID: 5326 — Time: 2026-07-01 19:54:33
[2026-07-01 19:54:35] [ERROR] MediaMTX فشل. راجع mediamtx.yml

========================================================
  RoadShield System Log
  Session started: 2026-07-01 19:54:40
========================================================
[2026-07-01 19:54:40] [EVENT] === SESSION START ===
[2026-07-01 19:54:40] [INFO] ملف السجل: ./system.log
[2026-07-01 19:54:40] [INFO] السيرفر: https://controlroom.dubibid.com
[2026-07-01 19:54:40] [INFO] المحلي:  MediaMTX ← كاميرات Hikvision
[2026-07-01 19:54:40] [INFO] ⏳ انتظار الاتصال بالإنترنت (مهلة: 120 ثانية)...
[2026-07-01 19:54:40] [INFO]    جهاز التحقق: 1.1.1.1
[2026-07-01 19:54:40] [EVENT] ✅ تم الحصول على الإنترنت في: 2026-07-01 19:54:40 (بعد 0 ثانية من بدء التشغيل)
[2026-07-01 19:54:40] [SUCCESS] ✅ الإنترنت متاح! (0s)
[2026-07-01 19:54:40] [INFO] تشغيل MediaMTX...
[2026-07-01 19:54:41] [EVENT] MediaMTX started — PID: 5369 — Time: 2026-07-01 19:54:41
[2026-07-01 19:54:43] [ERROR] MediaMTX فشل. راجع mediamtx.yml

========================================================
  RoadShield System Log
  Session started: 2026-07-01 19:54:48
========================================================
[2026-07-01 19:54:48] [EVENT] === SESSION START ===
[2026-07-01 19:54:48] [INFO] ملف السجل: ./system.log
[2026-07-01 19:54:48] [INFO] السيرفر: https://controlroom.dubibid.com
[2026-07-01 19:54:48] [INFO] المحلي:  MediaMTX ← كاميرات Hikvision
[2026-07-01 19:54:48] [INFO] ⏳ انتظار الاتصال بالإنترنت (مهلة: 120 ثانية)...
[2026-07-01 19:54:48] [INFO]    جهاز التحقق: 1.1.1.1
[2026-07-01 19:54:48] [EVENT] ✅ تم الحصول على الإنترنت في: 2026-07-01 19:54:48 (بعد 0 ثانية من بدء التشغيل)
[2026-07-01 19:54:48] [SUCCESS] ✅ الإنترنت متاح! (0s)
[2026-07-01 19:54:48] [INFO] تشغيل MediaMTX...
[2026-07-01 19:54:49] [EVENT] MediaMTX started — PID: 5420 — Time: 2026-07-01 19:54:49
[2026-07-01 19:54:51] [ERROR] MediaMTX فشل. راجع mediamtx.yml

========================================================
  RoadShield System Log
  Session started: 2026-07-01 19:54:56
========================================================
[2026-07-01 19:54:56] [EVENT] === SESSION START ===
[2026-07-01 19:54:56] [INFO] ملف السجل: ./system.log
[2026-07-01 19:54:56] [INFO] السيرفر: https://controlroom.dubibid.com
[2026-07-01 19:54:56] [INFO] المحلي:  MediaMTX ← كاميرات Hikvision
[2026-07-01 19:54:56] [INFO] ⏳ انتظار الاتصال بالإنترنت (مهلة: 120 ثانية)...
[2026-07-01 19:54:56] [INFO]    جهاز التحقق: 1.1.1.1
[2026-07-01 19:54:56] [EVENT] ✅ تم الحصول على الإنترنت في: 2026-07-01 19:54:56 (بعد 0 ثانية من بدء التشغيل)
[2026-07-01 19:54:56] [SUCCESS] ✅ الإنترنت متاح! (0s)
[2026-07-01 19:54:56] [INFO] تشغيل MediaMTX...
[2026-07-01 19:54:57] [EVENT] MediaMTX started — PID: 5518 — Time: 2026-07-01 19:54:57
[2026-07-01 19:54:59] [ERROR] MediaMTX فشل. راجع mediamtx.yml

========================================================
  RoadShield System Log
  Session started: 2026-07-01 19:55:04
========================================================
[2026-07-01 19:55:04] [EVENT] === SESSION START ===
[2026-07-01 19:55:05] [INFO] ملف السجل: ./system.log
[2026-07-01 19:55:05] [INFO] السيرفر: https://controlroom.dubibid.com
[2026-07-01 19:55:05] [INFO] المحلي:  MediaMTX ← كاميرات Hikvision
[2026-07-01 19:55:05] [INFO] ⏳ انتظار الاتصال بالإنترنت (مهلة: 120 ثانية)...
[2026-07-01 19:55:05] [INFO]    جهاز التحقق: 1.1.1.1
[2026-07-01 19:55:05] [EVENT] ✅ تم الحصول على الإنترنت في: 2026-07-01 19:55:05 (بعد 0 ثانية من بدء التشغيل)
[2026-07-01 19:55:05] [SUCCESS] ✅ الإنترنت متاح! (0s)
[2026-07-01 19:55:05] [INFO] تشغيل MediaMTX...
[2026-07-01 19:55:06] [EVENT] MediaMTX started — PID: 5565 — Time: 2026-07-01 19:55:06
[2026-07-01 19:55:08] [ERROR] MediaMTX فشل. راجع mediamtx.yml

========================================================
  RoadShield System Log
  Session started: 2026-07-01 19:55:13
========================================================
[2026-07-01 19:55:13] [EVENT] === SESSION START ===
[2026-07-01 19:55:13] [INFO] ملف السجل: ./system.log
[2026-07-01 19:55:13] [INFO] السيرفر: https://controlroom.dubibid.com
[2026-07-01 19:55:13] [INFO] المحلي:  MediaMTX ← كاميرات Hikvision
[2026-07-01 19:55:13] [INFO] ⏳ انتظار الاتصال بالإنترنت (مهلة: 120 ثانية)...
[2026-07-01 19:55:13] [INFO]    جهاز التحقق: 1.1.1.1
[2026-07-01 19:55:13] [EVENT] ✅ تم الحصول على الإنترنت في: 2026-07-01 19:55:13 (بعد 0 ثانية من بدء التشغيل)
[2026-07-01 19:55:13] [SUCCESS] ✅ الإنترنت متاح! (0s)
[2026-07-01 19:55:13] [INFO] تشغيل MediaMTX...
[2026-07-01 19:55:14] [EVENT] MediaMTX started — PID: 5601 — Time: 2026-07-01 19:55:14
[2026-07-01 19:55:16] [ERROR] MediaMTX فشل. راجع mediamtx.yml

========================================================
  RoadShield System Log
  Session started: 2026-07-01 19:55:21
========================================================
[2026-07-01 19:55:21] [EVENT] === SESSION START ===
[2026-07-01 19:55:21] [INFO] ملف السجل: ./system.log
[2026-07-01 19:55:21] [INFO] السيرفر: https://controlroom.dubibid.com
[2026-07-01 19:55:21] [INFO] المحلي:  MediaMTX ← كاميرات Hikvision
[2026-07-01 19:55:21] [INFO] ⏳ انتظار الاتصال بالإنترنت (مهلة: 120 ثانية)...
[2026-07-01 19:55:21] [INFO]    جهاز التحقق: 1.1.1.1
[2026-07-01 19:55:21] [EVENT] ✅ تم الحصول على الإنترنت في: 2026-07-01 19:55:21 (بعد 0 ثانية من بدء التشغيل)
[2026-07-01 19:55:21] [SUCCESS] ✅ الإنترنت متاح! (0s)
[2026-07-01 19:55:21] [INFO] تشغيل MediaMTX...
[2026-07-01 19:55:22] [EVENT] MediaMTX started — PID: 5634 — Time: 2026-07-01 19:55:22
[2026-07-01 19:55:24] [ERROR] MediaMTX فشل. راجع mediamtx.yml

========================================================
  RoadShield System Log
  Session started: 2026-07-01 19:55:29
========================================================
[2026-07-01 19:55:29] [EVENT] === SESSION START ===
[2026-07-01 19:55:29] [INFO] ملف السجل: ./system.log
[2026-07-01 19:55:29] [INFO] السيرفر: https://controlroom.dubibid.com
[2026-07-01 19:55:29] [INFO] المحلي:  MediaMTX ← كاميرات Hikvision
[2026-07-01 19:55:29] [INFO] ⏳ انتظار الاتصال بالإنترنت (مهلة: 120 ثانية)...
[2026-07-01 19:55:29] [INFO]    جهاز التحقق: 1.1.1.1
[2026-07-01 19:55:29] [EVENT] ✅ تم الحصول على الإنترنت في: 2026-07-01 19:55:29 (بعد 0 ثانية من بدء التشغيل)
[2026-07-01 19:55:29] [SUCCESS] ✅ الإنترنت متاح! (0s)
[2026-07-01 19:55:29] [INFO] تشغيل MediaMTX...
[2026-07-01 19:55:30] [EVENT] MediaMTX started — PID: 5676 — Time: 2026-07-01 19:55:30
[2026-07-01 19:55:32] [ERROR] MediaMTX فشل. راجع mediamtx.yml

========================================================
  RoadShield System Log
  Session started: 2026-07-01 19:55:37
========================================================
[2026-07-01 19:55:38] [EVENT] === SESSION START ===
[2026-07-01 19:55:38] [INFO] ملف السجل: ./system.log
[2026-07-01 19:55:38] [INFO] السيرفر: https://controlroom.dubibid.com
[2026-07-01 19:55:38] [INFO] المحلي:  MediaMTX ← كاميرات Hikvision
[2026-07-01 19:55:38] [INFO] ⏳ انتظار الاتصال بالإنترنت (مهلة: 120 ثانية)...
[2026-07-01 19:55:38] [INFO]    جهاز التحقق: 1.1.1.1
[2026-07-01 19:55:38] [EVENT] ✅ تم الحصول على الإنترنت في: 2026-07-01 19:55:38 (بعد 0 ثانية من بدء التشغيل)
[2026-07-01 19:55:38] [SUCCESS] ✅ الإنترنت متاح! (0s)
[2026-07-01 19:55:38] [INFO] تشغيل MediaMTX...
[2026-07-01 19:55:39] [EVENT] MediaMTX started — PID: 5712 — Time: 2026-07-01 19:55:39
[2026-07-01 19:55:41] [ERROR] MediaMTX فشل. راجع mediamtx.yml

========================================================
  RoadShield System Log
  Session started: 2026-07-01 19:55:46
========================================================
[2026-07-01 19:55:46] [EVENT] === SESSION START ===
[2026-07-01 19:55:46] [INFO] ملف السجل: ./system.log
[2026-07-01 19:55:46] [INFO] السيرفر: https://controlroom.dubibid.com
[2026-07-01 19:55:46] [INFO] المحلي:  MediaMTX ← كاميرات Hikvision
[2026-07-01 19:55:46] [INFO] ⏳ انتظار الاتصال بالإنترنت (مهلة: 120 ثانية)...
[2026-07-01 19:55:46] [INFO]    جهاز التحقق: 1.1.1.1
[2026-07-01 19:55:46] [EVENT] ✅ تم الحصول على الإنترنت في: 2026-07-01 19:55:46 (بعد 0 ثانية من بدء التشغيل)
[2026-07-01 19:55:46] [SUCCESS] ✅ الإنترنت متاح! (0s)
[2026-07-01 19:55:46] [INFO] تشغيل MediaMTX...
[2026-07-01 19:55:47] [EVENT] MediaMTX started — PID: 5751 — Time: 2026-07-01 19:55:47
[2026-07-01 19:55:49] [ERROR] MediaMTX فشل. راجع mediamtx.yml

========================================================
  RoadShield System Log
  Session started: 2026-07-01 19:55:54
========================================================
[2026-07-01 19:55:54] [EVENT] === SESSION START ===
[2026-07-01 19:55:54] [INFO] ملف السجل: ./system.log
[2026-07-01 19:55:54] [INFO] السيرفر: https://controlroom.dubibid.com
[2026-07-01 19:55:54] [INFO] المحلي:  MediaMTX ← كاميرات Hikvision
[2026-07-01 19:55:54] [INFO] ⏳ انتظار الاتصال بالإنترنت (مهلة: 120 ثانية)...
[2026-07-01 19:55:54] [INFO]    جهاز التحقق: 1.1.1.1
[2026-07-01 19:55:54] [EVENT] ✅ تم الحصول على الإنترنت في: 2026-07-01 19:55:54 (بعد 0 ثانية من بدء التشغيل)
[2026-07-01 19:55:54] [SUCCESS] ✅ الإنترنت متاح! (0s)
[2026-07-01 19:55:54] [INFO] تشغيل MediaMTX...
[2026-07-01 19:55:55] [EVENT] MediaMTX started — PID: 5786 — Time: 2026-07-01 19:55:55
[2026-07-01 19:55:57] [ERROR] MediaMTX فشل. راجع mediamtx.yml

========================================================
  RoadShield System Log
  Session started: 2026-07-01 19:56:02
========================================================
[2026-07-01 19:56:02] [EVENT] === SESSION START ===
[2026-07-01 19:56:02] [INFO] ملف السجل: ./system.log
[2026-07-01 19:56:02] [INFO] السيرفر: https://controlroom.dubibid.com
[2026-07-01 19:56:02] [INFO] المحلي:  MediaMTX ← كاميرات Hikvision
[2026-07-01 19:56:02] [INFO] ⏳ انتظار الاتصال بالإنترنت (مهلة: 120 ثانية)...
[2026-07-01 19:56:02] [INFO]    جهاز التحقق: 1.1.1.1
[2026-07-01 19:56:02] [EVENT] ✅ تم الحصول على الإنترنت في: 2026-07-01 19:56:02 (بعد 0 ثانية من بدء التشغيل)
[2026-07-01 19:56:02] [SUCCESS] ✅ الإنترنت متاح! (0s)
[2026-07-01 19:56:02] [INFO] تشغيل MediaMTX...
[2026-07-01 19:56:03] [EVENT] MediaMTX started — PID: 5815 — Time: 2026-07-01 19:56:03
[2026-07-01 19:56:05] [ERROR] MediaMTX فشل. راجع mediamtx.yml

========================================================
  RoadShield System Log
  Session started: 2026-07-01 19:56:10
========================================================
[2026-07-01 19:56:11] [EVENT] === SESSION START ===
[2026-07-01 19:56:11] [INFO] ملف السجل: ./system.log
[2026-07-01 19:56:11] [INFO] السيرفر: https://controlroom.dubibid.com
[2026-07-01 19:56:11] [INFO] المحلي:  MediaMTX ← كاميرات Hikvision
[2026-07-01 19:56:11] [INFO] ⏳ انتظار الاتصال بالإنترنت (مهلة: 120 ثانية)...
[2026-07-01 19:56:11] [INFO]    جهاز التحقق: 1.1.1.1
[2026-07-01 19:56:11] [EVENT] ✅ تم الحصول على الإنترنت في: 2026-07-01 19:56:11 (بعد 0 ثانية من بدء التشغيل)
[2026-07-01 19:56:11] [SUCCESS] ✅ الإنترنت متاح! (0s)
[2026-07-01 19:56:11] [INFO] تشغيل MediaMTX...
[2026-07-01 19:56:12] [EVENT] MediaMTX started — PID: 5845 — Time: 2026-07-01 19:56:12
[2026-07-01 19:56:14] [ERROR] MediaMTX فشل. راجع mediamtx.yml

========================================================
  RoadShield System Log
  Session started: 2026-07-01 19:56:19
========================================================
[2026-07-01 19:56:19] [EVENT] === SESSION START ===
[2026-07-01 19:56:19] [INFO] ملف السجل: ./system.log
[2026-07-01 19:56:19] [INFO] السيرفر: https://controlroom.dubibid.com
[2026-07-01 19:56:19] [INFO] المحلي:  MediaMTX ← كاميرات Hikvision
[2026-07-01 19:56:19] [INFO] ⏳ انتظار الاتصال بالإنترنت (مهلة: 120 ثانية)...
[2026-07-01 19:56:19] [INFO]    جهاز التحقق: 1.1.1.1
[2026-07-01 19:56:19] [EVENT] ✅ تم الحصول على الإنترنت في: 2026-07-01 19:56:19 (بعد 0 ثانية من بدء التشغيل)
[2026-07-01 19:56:19] [SUCCESS] ✅ الإنترنت متاح! (0s)
[2026-07-01 19:56:19] [INFO] تشغيل MediaMTX...
[2026-07-01 19:56:20] [EVENT] MediaMTX started — PID: 5875 — Time: 2026-07-01 19:56:20
[2026-07-01 19:56:22] [ERROR] MediaMTX فشل. راجع mediamtx.yml

========================================================
  RoadShield System Log
  Session started: 2026-07-01 19:56:27
========================================================
[2026-07-01 19:56:27] [EVENT] === SESSION START ===
[2026-07-01 19:56:27] [INFO] ملف السجل: ./system.log
[2026-07-01 19:56:27] [INFO] السيرفر: https://controlroom.dubibid.com
[2026-07-01 19:56:27] [INFO] المحلي:  MediaMTX ← كاميرات Hikvision
[2026-07-01 19:56:27] [INFO] ⏳ انتظار الاتصال بالإنترنت (مهلة: 120 ثانية)...
[2026-07-01 19:56:27] [INFO]    جهاز التحقق: 1.1.1.1
[2026-07-01 19:56:27] [EVENT] ✅ تم الحصول على الإنترنت في: 2026-07-01 19:56:27 (بعد 0 ثانية من بدء التشغيل)
[2026-07-01 19:56:27] [SUCCESS] ✅ الإنترنت متاح! (0s)
[2026-07-01 19:56:27] [INFO] تشغيل MediaMTX...
[2026-07-01 19:56:28] [EVENT] MediaMTX started — PID: 5914 — Time: 2026-07-01 19:56:28
[2026-07-01 19:56:30] [ERROR] MediaMTX فشل. راجع mediamtx.yml

========================================================
  RoadShield System Log
  Session started: 2026-07-01 19:56:35
========================================================
[2026-07-01 19:56:35] [EVENT] === SESSION START ===
[2026-07-01 19:56:35] [INFO] ملف السجل: ./system.log
[2026-07-01 19:56:35] [INFO] السيرفر: https://controlroom.dubibid.com
[2026-07-01 19:56:35] [INFO] المحلي:  MediaMTX ← كاميرات Hikvision
[2026-07-01 19:56:35] [INFO] ⏳ انتظار الاتصال بالإنترنت (مهلة: 120 ثانية)...
[2026-07-01 19:56:35] [INFO]    جهاز التحقق: 1.1.1.1
[2026-07-01 19:56:35] [EVENT] ✅ تم الحصول على الإنترنت في: 2026-07-01 19:56:35 (بعد 0 ثانية من بدء التشغيل)
[2026-07-01 19:56:35] [SUCCESS] ✅ الإنترنت متاح! (0s)
[2026-07-01 19:56:35] [INFO] تشغيل MediaMTX...
[2026-07-01 19:56:36] [EVENT] MediaMTX started — PID: 5941 — Time: 2026-07-01 19:56:36
[2026-07-01 19:56:38] [ERROR] MediaMTX فشل. راجع mediamtx.yml

========================================================
  RoadShield System Log
  Session started: 2026-07-01 19:56:43
========================================================
[2026-07-01 19:56:43] [EVENT] === SESSION START ===
[2026-07-01 19:56:44] [INFO] ملف السجل: ./system.log
[2026-07-01 19:56:44] [INFO] السيرفر: https://controlroom.dubibid.com
[2026-07-01 19:56:44] [INFO] المحلي:  MediaMTX ← كاميرات Hikvision
[2026-07-01 19:56:44] [INFO] ⏳ انتظار الاتصال بالإنترنت (مهلة: 120 ثانية)...
[2026-07-01 19:56:44] [INFO]    جهاز التحقق: 1.1.1.1
[2026-07-01 19:56:44] [EVENT] ✅ تم الحصول على الإنترنت في: 2026-07-01 19:56:44 (بعد 0 ثانية من بدء التشغيل)
[2026-07-01 19:56:44] [SUCCESS] ✅ الإنترنت متاح! (0s)
[2026-07-01 19:56:44] [INFO] تشغيل MediaMTX...
[2026-07-01 19:56:45] [EVENT] MediaMTX started — PID: 5970 — Time: 2026-07-01 19:56:45
[2026-07-01 19:56:47] [ERROR] MediaMTX فشل. راجع mediamtx.yml

========================================================
  RoadShield System Log
  Session started: 2026-07-01 19:56:52
========================================================
[2026-07-01 19:56:52] [EVENT] === SESSION START ===
[2026-07-01 19:56:52] [INFO] ملف السجل: ./system.log
[2026-07-01 19:56:52] [INFO] السيرفر: https://controlroom.dubibid.com
[2026-07-01 19:56:52] [INFO] المحلي:  MediaMTX ← كاميرات Hikvision
[2026-07-01 19:56:52] [INFO] ⏳ انتظار الاتصال بالإنترنت (مهلة: 120 ثانية)...
[2026-07-01 19:56:52] [INFO]    جهاز التحقق: 1.1.1.1
[2026-07-01 19:56:52] [EVENT] ✅ تم الحصول على الإنترنت في: 2026-07-01 19:56:52 (بعد 0 ثانية من بدء التشغيل)
[2026-07-01 19:56:52] [SUCCESS] ✅ الإنترنت متاح! (0s)
[2026-07-01 19:56:52] [INFO] تشغيل MediaMTX...
[2026-07-01 19:56:53] [EVENT] MediaMTX started — PID: 6228 — Time: 2026-07-01 19:56:53
[2026-07-01 19:56:55] [ERROR] MediaMTX فشل. راجع mediamtx.yml

========================================================
  RoadShield System Log
  Session started: 2026-07-01 19:57:00
========================================================
[2026-07-01 19:57:00] [EVENT] === SESSION START ===
[2026-07-01 19:57:00] [INFO] ملف السجل: ./system.log
[2026-07-01 19:57:00] [INFO] السيرفر: https://controlroom.dubibid.com
[2026-07-01 19:57:00] [INFO] المحلي:  MediaMTX ← كاميرات Hikvision
[2026-07-01 19:57:00] [INFO] ⏳ انتظار الاتصال بالإنترنت (مهلة: 120 ثانية)...
[2026-07-01 19:57:00] [INFO]    جهاز التحقق: 1.1.1.1
[2026-07-01 19:57:00] [EVENT] ✅ تم الحصول على الإنترنت في: 2026-07-01 19:57:00 (بعد 0 ثانية من بدء التشغيل)
[2026-07-01 19:57:00] [SUCCESS] ✅ الإنترنت متاح! (0s)
[2026-07-01 19:57:00] [INFO] تشغيل MediaMTX...
[2026-07-01 19:57:01] [EVENT] MediaMTX started — PID: 6296 — Time: 2026-07-01 19:57:01
[2026-07-01 19:57:03] [ERROR] MediaMTX فشل. راجع mediamtx.yml

========================================================
  RoadShield System Log
  Session started: 2026-07-01 19:57:08
========================================================
[2026-07-01 19:57:08] [EVENT] === SESSION START ===
[2026-07-01 19:57:08] [INFO] ملف السجل: ./system.log
[2026-07-01 19:57:08] [INFO] السيرفر: https://controlroom.dubibid.com
[2026-07-01 19:57:08] [INFO] المحلي:  MediaMTX ← كاميرات Hikvision
[2026-07-01 19:57:08] [INFO] ⏳ انتظار الاتصال بالإنترنت (مهلة: 120 ثانية)...
[2026-07-01 19:57:08] [INFO]    جهاز التحقق: 1.1.1.1
[2026-07-01 19:57:08] [EVENT] ✅ تم الحصول على الإنترنت في: 2026-07-01 19:57:08 (بعد 0 ثانية من بدء التشغيل)
[2026-07-01 19:57:08] [SUCCESS] ✅ الإنترنت متاح! (0s)
[2026-07-01 19:57:08] [INFO] تشغيل MediaMTX...
[2026-07-01 19:57:09] [EVENT] MediaMTX started — PID: 6461 — Time: 2026-07-01 19:57:09
[2026-07-01 19:57:11] [ERROR] MediaMTX فشل. راجع mediamtx.yml

========================================================
  RoadShield System Log
  Session started: 2026-07-01 19:57:16
========================================================
[2026-07-01 19:57:17] [EVENT] === SESSION START ===
[2026-07-01 19:57:17] [INFO] ملف السجل: ./system.log
[2026-07-01 19:57:17] [INFO] السيرفر: https://controlroom.dubibid.com
[2026-07-01 19:57:17] [INFO] المحلي:  MediaMTX ← كاميرات Hikvision
[2026-07-01 19:57:17] [INFO] ⏳ انتظار الاتصال بالإنترنت (مهلة: 120 ثانية)...
[2026-07-01 19:57:17] [INFO]    جهاز التحقق: 1.1.1.1
[2026-07-01 19:57:17] [EVENT] ✅ تم الحصول على الإنترنت في: 2026-07-01 19:57:17 (بعد 0 ثانية من بدء التشغيل)
[2026-07-01 19:57:17] [SUCCESS] ✅ الإنترنت متاح! (0s)
[2026-07-01 19:57:17] [INFO] تشغيل MediaMTX...
[2026-07-01 19:57:18] [EVENT] MediaMTX started — PID: 6585 — Time: 2026-07-01 19:57:18
[2026-07-01 19:57:20] [ERROR] MediaMTX فشل. راجع mediamtx.yml

========================================================
  RoadShield System Log
  Session started: 2026-07-01 19:57:25
========================================================
[2026-07-01 19:57:25] [EVENT] === SESSION START ===
[2026-07-01 19:57:25] [INFO] ملف السجل: ./system.log
[2026-07-01 19:57:25] [INFO] السيرفر: https://controlroom.dubibid.com
[2026-07-01 19:57:25] [INFO] المحلي:  MediaMTX ← كاميرات Hikvision
[2026-07-01 19:57:25] [INFO] ⏳ انتظار الاتصال بالإنترنت (مهلة: 120 ثانية)...
[2026-07-01 19:57:25] [INFO]    جهاز التحقق: 1.1.1.1
[2026-07-01 19:57:25] [EVENT] ✅ تم الحصول على الإنترنت في: 2026-07-01 19:57:25 (بعد 0 ثانية من بدء التشغيل)
[2026-07-01 19:57:25] [SUCCESS] ✅ الإنترنت متاح! (0s)
[2026-07-01 19:57:25] [INFO] تشغيل MediaMTX...
[2026-07-01 19:57:26] [EVENT] MediaMTX started — PID: 6636 — Time: 2026-07-01 19:57:26
[2026-07-01 19:57:28] [ERROR] MediaMTX فشل. راجع mediamtx.yml

========================================================
  RoadShield System Log
  Session started: 2026-07-01 19:57:33
========================================================
[2026-07-01 19:57:33] [EVENT] === SESSION START ===
[2026-07-01 19:57:33] [INFO] ملف السجل: ./system.log
[2026-07-01 19:57:33] [INFO] السيرفر: https://controlroom.dubibid.com
[2026-07-01 19:57:33] [INFO] المحلي:  MediaMTX ← كاميرات Hikvision
[2026-07-01 19:57:33] [INFO] ⏳ انتظار الاتصال بالإنترنت (مهلة: 120 ثانية)...
[2026-07-01 19:57:33] [INFO]    جهاز التحقق: 1.1.1.1
[2026-07-01 19:57:33] [EVENT] ✅ تم الحصول على الإنترنت في: 2026-07-01 19:57:33 (بعد 0 ثانية من بدء التشغيل)
[2026-07-01 19:57:33] [SUCCESS] ✅ الإنترنت متاح! (0s)
[2026-07-01 19:57:33] [INFO] تشغيل MediaMTX...
[2026-07-01 19:57:34] [EVENT] MediaMTX started — PID: 6683 — Time: 2026-07-01 19:57:34
[2026-07-01 19:57:36] [ERROR] MediaMTX فشل. راجع mediamtx.yml

========================================================
  RoadShield System Log
  Session started: 2026-07-01 19:57:41
========================================================
[2026-07-01 19:57:41] [EVENT] === SESSION START ===
[2026-07-01 19:57:41] [INFO] ملف السجل: ./system.log
[2026-07-01 19:57:41] [INFO] السيرفر: https://controlroom.dubibid.com
[2026-07-01 19:57:41] [INFO] المحلي:  MediaMTX ← كاميرات Hikvision
[2026-07-01 19:57:41] [INFO] ⏳ انتظار الاتصال بالإنترنت (مهلة: 120 ثانية)...
[2026-07-01 19:57:41] [INFO]    جهاز التحقق: 1.1.1.1
[2026-07-01 19:57:41] [EVENT] ✅ تم الحصول على الإنترنت في: 2026-07-01 19:57:41 (بعد 0 ثانية من بدء التشغيل)
[2026-07-01 19:57:41] [SUCCESS] ✅ الإنترنت متاح! (0s)
[2026-07-01 19:57:41] [INFO] تشغيل MediaMTX...
[2026-07-01 19:57:42] [EVENT] MediaMTX started — PID: 6731 — Time: 2026-07-01 19:57:42
[2026-07-01 19:57:44] [ERROR] MediaMTX فشل. راجع mediamtx.yml

========================================================
  RoadShield System Log
  Session started: 2026-07-01 19:57:49
========================================================
[2026-07-01 19:57:50] [EVENT] === SESSION START ===
[2026-07-01 19:57:50] [INFO] ملف السجل: ./system.log
[2026-07-01 19:57:50] [INFO] السيرفر: https://controlroom.dubibid.com
[2026-07-01 19:57:50] [INFO] المحلي:  MediaMTX ← كاميرات Hikvision
[2026-07-01 19:57:50] [INFO] ⏳ انتظار الاتصال بالإنترنت (مهلة: 120 ثانية)...
[2026-07-01 19:57:50] [INFO]    جهاز التحقق: 1.1.1.1
[2026-07-01 19:57:50] [EVENT] ✅ تم الحصول على الإنترنت في: 2026-07-01 19:57:50 (بعد 0 ثانية من بدء التشغيل)
[2026-07-01 19:57:50] [SUCCESS] ✅ الإنترنت متاح! (0s)
[2026-07-01 19:57:50] [INFO] تشغيل MediaMTX...
[2026-07-01 19:57:51] [EVENT] MediaMTX started — PID: 6778 — Time: 2026-07-01 19:57:51
[2026-07-01 19:57:53] [ERROR] MediaMTX فشل. راجع mediamtx.yml

========================================================
  RoadShield System Log
  Session started: 2026-07-01 19:57:58
========================================================
[2026-07-01 19:57:58] [EVENT] === SESSION START ===
[2026-07-01 19:57:58] [INFO] ملف السجل: ./system.log
[2026-07-01 19:57:58] [INFO] السيرفر: https://controlroom.dubibid.com
[2026-07-01 19:57:58] [INFO] المحلي:  MediaMTX ← كاميرات Hikvision
[2026-07-01 19:57:58] [INFO] ⏳ انتظار الاتصال بالإنترنت (مهلة: 120 ثانية)...
[2026-07-01 19:57:58] [INFO]    جهاز التحقق: 1.1.1.1
[2026-07-01 19:57:58] [EVENT] ✅ تم الحصول على الإنترنت في: 2026-07-01 19:57:58 (بعد 0 ثانية من بدء التشغيل)
[2026-07-01 19:57:58] [SUCCESS] ✅ الإنترنت متاح! (0s)
[2026-07-01 19:57:58] [INFO] تشغيل MediaMTX...
[2026-07-01 19:57:59] [EVENT] MediaMTX started — PID: 6829 — Time: 2026-07-01 19:57:59
[2026-07-01 19:58:01] [ERROR] MediaMTX فشل. راجع mediamtx.yml

========================================================
  RoadShield System Log
  Session started: 2026-07-01 19:58:06
========================================================
[2026-07-01 19:58:06] [EVENT] === SESSION START ===
[2026-07-01 19:58:06] [INFO] ملف السجل: ./system.log
[2026-07-01 19:58:06] [INFO] السيرفر: https://controlroom.dubibid.com
[2026-07-01 19:58:06] [INFO] المحلي:  MediaMTX ← كاميرات Hikvision
[2026-07-01 19:58:06] [INFO] ⏳ انتظار الاتصال بالإنترنت (مهلة: 120 ثانية)...
[2026-07-01 19:58:06] [INFO]    جهاز التحقق: 1.1.1.1
[2026-07-01 19:58:06] [EVENT] ✅ تم الحصول على الإنترنت في: 2026-07-01 19:58:06 (بعد 0 ثانية من بدء التشغيل)
[2026-07-01 19:58:06] [SUCCESS] ✅ الإنترنت متاح! (0s)
[2026-07-01 19:58:06] [INFO] تشغيل MediaMTX...
[2026-07-01 19:58:07] [EVENT] MediaMTX started — PID: 6889 — Time: 2026-07-01 19:58:07
[2026-07-01 19:58:09] [ERROR] MediaMTX فشل. راجع mediamtx.yml

========================================================
  RoadShield System Log
  Session started: 2026-07-01 19:58:14
========================================================
[2026-07-01 19:58:14] [EVENT] === SESSION START ===
[2026-07-01 19:58:14] [INFO] ملف السجل: ./system.log
[2026-07-01 19:58:14] [INFO] السيرفر: https://controlroom.dubibid.com
[2026-07-01 19:58:14] [INFO] المحلي:  MediaMTX ← كاميرات Hikvision
[2026-07-01 19:58:14] [INFO] ⏳ انتظار الاتصال بالإنترنت (مهلة: 120 ثانية)...
[2026-07-01 19:58:14] [INFO]    جهاز التحقق: 1.1.1.1
[2026-07-01 19:58:14] [EVENT] ✅ تم الحصول على الإنترنت في: 2026-07-01 19:58:14 (بعد 0 ثانية من بدء التشغيل)
[2026-07-01 19:58:14] [SUCCESS] ✅ الإنترنت متاح! (0s)
[2026-07-01 19:58:14] [INFO] تشغيل MediaMTX...
[2026-07-01 19:58:15] [EVENT] MediaMTX started — PID: 6949 — Time: 2026-07-01 19:58:15
[2026-07-01 19:58:17] [ERROR] MediaMTX فشل. راجع mediamtx.yml

========================================================
  RoadShield System Log
  Session started: 2026-07-01 19:58:22
========================================================
[2026-07-01 19:58:23] [EVENT] === SESSION START ===
[2026-07-01 19:58:23] [INFO] ملف السجل: ./system.log
[2026-07-01 19:58:23] [INFO] السيرفر: https://controlroom.dubibid.com
[2026-07-01 19:58:23] [INFO] المحلي:  MediaMTX ← كاميرات Hikvision
[2026-07-01 19:58:23] [INFO] ⏳ انتظار الاتصال بالإنترنت (مهلة: 120 ثانية)...
[2026-07-01 19:58:23] [INFO]    جهاز التحقق: 1.1.1.1
[2026-07-01 19:58:23] [EVENT] ✅ تم الحصول على الإنترنت في: 2026-07-01 19:58:23 (بعد 0 ثانية من بدء التشغيل)
[2026-07-01 19:58:23] [SUCCESS] ✅ الإنترنت متاح! (0s)
[2026-07-01 19:58:23] [INFO] تشغيل MediaMTX...
[2026-07-01 19:58:24] [EVENT] MediaMTX started — PID: 6994 — Time: 2026-07-01 19:58:24
[2026-07-01 19:58:26] [ERROR] MediaMTX فشل. راجع mediamtx.yml

========================================================
  RoadShield System Log
  Session started: 2026-07-01 19:58:31
========================================================
[2026-07-01 19:58:31] [EVENT] === SESSION START ===
[2026-07-01 19:58:31] [INFO] ملف السجل: ./system.log
[2026-07-01 19:58:31] [INFO] السيرفر: https://controlroom.dubibid.com
[2026-07-01 19:58:31] [INFO] المحلي:  MediaMTX ← كاميرات Hikvision
[2026-07-01 19:58:31] [INFO] ⏳ انتظار الاتصال بالإنترنت (مهلة: 120 ثانية)...
[2026-07-01 19:58:31] [INFO]    جهاز التحقق: 1.1.1.1
[2026-07-01 19:58:31] [EVENT] ✅ تم الحصول على الإنترنت في: 2026-07-01 19:58:31 (بعد 0 ثانية من بدء التشغيل)
[2026-07-01 19:58:31] [SUCCESS] ✅ الإنترنت متاح! (0s)
[2026-07-01 19:58:31] [INFO] تشغيل MediaMTX...
[2026-07-01 19:58:32] [EVENT] MediaMTX started — PID: 7073 — Time: 2026-07-01 19:58:32
[2026-07-01 19:58:34] [ERROR] MediaMTX فشل. راجع mediamtx.yml

========================================================
  RoadShield System Log
  Session started: 2026-07-01 19:58:39
========================================================
[2026-07-01 19:58:39] [EVENT] === SESSION START ===
[2026-07-01 19:58:39] [INFO] ملف السجل: ./system.log
[2026-07-01 19:58:39] [INFO] السيرفر: https://controlroom.dubibid.com
[2026-07-01 19:58:39] [INFO] المحلي:  MediaMTX ← كاميرات Hikvision
[2026-07-01 19:58:39] [INFO] ⏳ انتظار الاتصال بالإنترنت (مهلة: 120 ثانية)...
[2026-07-01 19:58:39] [INFO]    جهاز التحقق: 1.1.1.1
[2026-07-01 19:58:39] [EVENT] ✅ تم الحصول على الإنترنت في: 2026-07-01 19:58:39 (بعد 0 ثانية من بدء التشغيل)
[2026-07-01 19:58:39] [SUCCESS] ✅ الإنترنت متاح! (0s)
[2026-07-01 19:58:39] [INFO] تشغيل MediaMTX...
[2026-07-01 19:58:40] [EVENT] MediaMTX started — PID: 7128 — Time: 2026-07-01 19:58:40
[2026-07-01 19:58:42] [INFO] MediaMTX يعمل (PID: 7128)
[2026-07-01 19:58:42] [INFO] تشغيل camera-control.py (PTZ agent)...
[2026-07-01 19:58:43] [EVENT] camera-control.py started — PID: 7147 — Time: 2026-07-01 19:58:43
[2026-07-01 19:58:43] [INFO] camera-control.py يعمل (PID: 7147)
[2026-07-01 19:58:43] [INFO] تشغيل Cloudflare Tunnel...
[2026-07-01 19:58:43] [EVENT] Cloudflare Tunnel starting — Time: 2026-07-01 19:58:43
[2026-07-01 19:58:43] [INFO] انتظار URL من Cloudflare...
[2026-07-01 19:58:49] [EVENT] Cloudflare Tunnel URL received: https://focusing-sporting-traditions-violin.trycloudflare.com — Time: 2026-07-01 19:58:49
[2026-07-01 19:58:49] [INFO] تسجيل URL في Laravel API...
[2026-07-01 19:58:50] [SUCCESS] ✅ URL مسجّل بنجاح في Laravel!
[2026-07-01 19:58:50] [INFO]   → الكاميرات تعمل على: https://controlroom.dubibid.com/surveillance
[2026-07-01 19:58:50] [INFO] النظام يعمل. اضغط Ctrl+C للإيقاف.
[2026-07-01 19:58:50] [INFO] ملف السجل الكامل: /home/yazan/projects/rs-python-stream/system.log
[2026-07-01 20:00:06] [INFO] إيقاف النظام...
[2026-07-01 20:00:06] [INFO] إلغاء تسجيل URL من Laravel...
[2026-07-01 20:00:06] [INFO] URL أُلغي تسجيله.
[2026-07-01 20:00:06] [EVENT] === SESSION END ===
[2026-07-01 20:00:06] [INFO] تم الإيقاف بنجاح.

========================================================
  RoadShield System Log
  Session started: 2026-07-01 20:00:52
========================================================
[2026-07-01 20:00:52] [EVENT] === SESSION START ===
[2026-07-01 20:00:52] [INFO] ملف السجل: ./system.log
[2026-07-01 20:00:52] [INFO] السيرفر: https://controlroom.dubibid.com
[2026-07-01 20:00:52] [INFO] المحلي:  MediaMTX ← كاميرات Hikvision
[2026-07-01 20:00:52] [INFO] ⏳ انتظار الاتصال بالإنترنت (مهلة: 120 ثانية)...
[2026-07-01 20:00:52] [INFO]    جهاز التحقق: 1.1.1.1
[2026-07-01 20:01:01] [WARN]   لا يوجد إنترنت بعد... (10/120 ثانية)
[2026-07-01 20:01:05] [EVENT] ✅ تم الحصول على الإنترنت في: 2026-07-01 20:01:05 (بعد 13 ثانية من بدء التشغيل)
[2026-07-01 20:01:05] [SUCCESS] ✅ الإنترنت متاح! (13s)
[2026-07-01 20:01:05] [INFO] تشغيل MediaMTX...
[2026-07-01 20:01:06] [EVENT] MediaMTX started — PID: 2231 — Time: 2026-07-01 20:01:06
[2026-07-01 20:01:08] [INFO] MediaMTX يعمل (PID: 2231)
[2026-07-01 20:01:08] [INFO] تشغيل camera-control.py (PTZ agent)...
[2026-07-01 20:01:09] [EVENT] camera-control.py started — PID: 2435 — Time: 2026-07-01 20:01:09
[2026-07-01 20:01:09] [INFO] camera-control.py يعمل (PID: 2435)
[2026-07-01 20:01:09] [INFO] تشغيل Cloudflare Tunnel...
[2026-07-01 20:01:09] [EVENT] Cloudflare Tunnel starting — Time: 2026-07-01 20:01:09
[2026-07-01 20:01:09] [INFO] انتظار URL من Cloudflare...
[2026-07-01 20:01:17] [EVENT] Cloudflare Tunnel URL received: https://ears-efficiency-palmer-book.trycloudflare.com — Time: 2026-07-01 20:01:17
[2026-07-01 20:01:17] [INFO] تسجيل URL في Laravel API...
[2026-07-01 20:01:17] [SUCCESS] ✅ URL مسجّل بنجاح في Laravel!
[2026-07-01 20:01:17] [INFO]   → الكاميرات تعمل على: https://controlroom.dubibid.com/surveillance
[2026-07-01 20:01:17] [INFO] النظام يعمل. اضغط Ctrl+C للإيقاف.
[2026-07-01 20:01:17] [INFO] ملف السجل الكامل: /home/yazan/projects/rs-python-stream/system.log
[2026-07-01 20:05:44] [INFO] إيقاف النظام...
[2026-07-01 20:05:44] [INFO] إلغاء تسجيل URL من Laravel...
[2026-07-01 20:05:45] [INFO] URL أُلغي تسجيله.
[2026-07-01 20:05:45] [EVENT] === SESSION END ===
[2026-07-01 20:05:45] [INFO] تم الإيقاف بنجاح.

========================================================
  RoadShield System Log
  Session started: 2026-07-01 20:06:30
========================================================
[2026-07-01 20:06:30] [EVENT] === SESSION START ===
[2026-07-01 20:06:30] [INFO] ملف السجل: ./system.log
[2026-07-01 20:06:30] [INFO] السيرفر: https://controlroom.dubibid.com
[2026-07-01 20:06:30] [INFO] المحلي:  MediaMTX ← كاميرات Hikvision
[2026-07-01 20:06:30] [INFO] ⏳ انتظار الاتصال بالإنترنت (مهلة: 120 ثانية)...
[2026-07-01 20:06:30] [INFO]    جهاز التحقق: 1.1.1.1
[2026-07-01 20:06:39] [WARN]   لا يوجد إنترنت بعد... (10/120 ثانية)
[2026-07-01 20:06:42] [EVENT] ✅ تم الحصول على الإنترنت في: 2026-07-01 20:06:42 (بعد 12 ثانية من بدء التشغيل)
[2026-07-01 20:06:42] [SUCCESS] ✅ الإنترنت متاح! (12s)
[2026-07-01 20:06:42] [INFO] تشغيل MediaMTX...
[2026-07-01 20:06:43] [EVENT] MediaMTX started — PID: 2395 — Time: 2026-07-01 20:06:43
[2026-07-01 20:06:45] [INFO] MediaMTX يعمل (PID: 2395)
[2026-07-01 20:06:45] [INFO] تشغيل camera-control.py (PTZ agent)...
[2026-07-01 20:06:46] [EVENT] camera-control.py started — PID: 2705 — Time: 2026-07-01 20:06:46
[2026-07-01 20:06:46] [INFO] camera-control.py يعمل (PID: 2705)
[2026-07-01 20:06:46] [INFO] تشغيل Cloudflare Tunnel...
[2026-07-01 20:06:46] [EVENT] Cloudflare Tunnel starting — Time: 2026-07-01 20:06:46
[2026-07-01 20:06:46] [INFO] انتظار URL من Cloudflare...
[2026-07-01 20:06:53] [EVENT] Cloudflare Tunnel URL received: https://hands-convicted-tricks-overview.trycloudflare.com — Time: 2026-07-01 20:06:53
[2026-07-01 20:06:53] [INFO] تسجيل URL في Laravel API...
[2026-07-01 20:06:54] [SUCCESS] ✅ URL مسجّل بنجاح في Laravel!
[2026-07-01 20:06:54] [INFO]   → الكاميرات تعمل على: https://controlroom.dubibid.com/surveillance
[2026-07-01 20:06:54] [INFO] النظام يعمل. اضغط Ctrl+C للإيقاف.
[2026-07-01 20:06:54] [INFO] ملف السجل الكامل: /home/yazan/projects/rs-python-stream/system.log

========================================================
  RoadShield System Log
  Session started: 2026-07-01 22:57:09
========================================================
[2026-07-01 22:57:09] [EVENT] === SESSION START ===
[2026-07-01 22:57:09] [INFO] ملف السجل: ./system.log
[2026-07-01 22:57:09] [INFO] السيرفر: https://controlroom.dubibid.com
[2026-07-01 22:57:09] [INFO] المحلي:  MediaMTX ← كاميرات Hikvision
[2026-07-01 22:57:09] [INFO] ⏳ انتظار الاتصال بالإنترنت (مهلة: 120 ثانية)...
[2026-07-01 22:57:09] [INFO]    جهاز التحقق: 1.1.1.1
[2026-07-01 22:57:18] [WARN]   لا يوجد إنترنت بعد... (10/120 ثانية)
[2026-07-01 22:57:22] [EVENT] ✅ تم الحصول على الإنترنت في: 2026-07-01 22:57:22 (بعد 13 ثانية من بدء التشغيل)
[2026-07-01 22:57:22] [SUCCESS] ✅ الإنترنت متاح! (13s)
[2026-07-01 22:57:22] [INFO] تشغيل MediaMTX...
[2026-07-01 22:57:23] [EVENT] MediaMTX started — PID: 2166 — Time: 2026-07-01 22:57:23
[2026-07-01 22:57:25] [INFO] MediaMTX يعمل (PID: 2166)
[2026-07-01 22:57:25] [INFO] تشغيل camera-control.py (PTZ agent)...
[2026-07-01 22:57:26] [EVENT] camera-control.py started — PID: 2182 — Time: 2026-07-01 22:57:26
[2026-07-01 22:57:26] [INFO] camera-control.py يعمل (PID: 2182)
[2026-07-01 22:57:26] [INFO] تشغيل Cloudflare Tunnel...
[2026-07-01 22:57:26] [EVENT] Cloudflare Tunnel starting — Time: 2026-07-01 22:57:26
[2026-07-01 22:57:26] [INFO] انتظار URL من Cloudflare...
[2026-07-01 22:57:33] [EVENT] Cloudflare Tunnel URL received: https://solid-brochures-everyone-yale.trycloudflare.com — Time: 2026-07-01 22:57:33
[2026-07-01 22:57:33] [INFO] تسجيل URL في Laravel API...
[2026-07-01 22:57:33] [SUCCESS] ✅ URL مسجّل بنجاح في Laravel!
[2026-07-01 22:57:33] [INFO]   → الكاميرات تعمل على: https://controlroom.dubibid.com/surveillance
[2026-07-01 22:57:33] [INFO] النظام يعمل. اضغط Ctrl+C للإيقاف.
[2026-07-01 22:57:33] [INFO] ملف السجل الكامل: /home/yazan/projects/rs-python-stream/system.log

========================================================
  RoadShield System Log
  Session started: 2026-07-02 22:25:40
========================================================
[2026-07-02 22:25:40] [EVENT] === SESSION START ===
[2026-07-02 22:25:40] [INFO] ملف السجل: ./system.log
[2026-07-02 22:25:40] [INFO] السيرفر: https://controlroom.dubibid.com
[2026-07-02 22:25:40] [INFO] المحلي:  MediaMTX ← كاميرات Hikvision
[2026-07-02 22:25:40] [INFO] ⏳ انتظار الاتصال بالإنترنت (مهلة: 120 ثانية)...
[2026-07-02 22:25:40] [INFO]    جهاز التحقق: 1.1.1.1
[2026-07-02 22:25:49] [WARN]   لا يوجد إنترنت بعد... (10/120 ثانية)
[2026-07-02 22:25:59] [WARN]   لا يوجد إنترنت بعد... (20/120 ثانية)
[2026-07-02 22:26:09] [WARN]   لا يوجد إنترنت بعد... (30/120 ثانية)
[2026-07-02 22:26:19] [WARN]   لا يوجد إنترنت بعد... (40/120 ثانية)
[2026-07-02 22:26:29] [WARN]   لا يوجد إنترنت بعد... (50/120 ثانية)
[2026-07-02 22:26:39] [WARN]   لا يوجد إنترنت بعد... (60/120 ثانية)
[2026-07-02 22:26:49] [WARN]   لا يوجد إنترنت بعد... (70/120 ثانية)
[2026-07-02 22:26:59] [WARN]   لا يوجد إنترنت بعد... (80/120 ثانية)
[2026-07-02 22:27:09] [WARN]   لا يوجد إنترنت بعد... (90/120 ثانية)
[2026-07-02 22:27:19] [WARN]   لا يوجد إنترنت بعد... (100/120 ثانية)
[2026-07-02 22:27:29] [WARN]   لا يوجد إنترنت بعد... (110/120 ثانية)
[2026-07-02 22:27:39] [ERROR] ❌ انتهت مهلة انتظار الإنترنت (120 ثانية) بدون اتصال.
[2026-07-02 22:27:39] [EVENT] INTERNET_TIMEOUT after 120s

========================================================
  RoadShield System Log
  Session started: 2026-07-02 22:27:44
========================================================
[2026-07-02 22:27:44] [EVENT] === SESSION START ===
[2026-07-02 22:27:44] [INFO] ملف السجل: ./system.log
[2026-07-02 22:27:44] [INFO] السيرفر: https://controlroom.dubibid.com
[2026-07-02 22:27:44] [INFO] المحلي:  MediaMTX ← كاميرات Hikvision
[2026-07-02 22:27:44] [INFO] ⏳ انتظار الاتصال بالإنترنت (مهلة: 120 ثانية)...
[2026-07-02 22:27:44] [INFO]    جهاز التحقق: 1.1.1.1
[2026-07-02 22:27:53] [WARN]   لا يوجد إنترنت بعد... (10/120 ثانية)
[2026-07-02 22:28:04] [WARN]   لا يوجد إنترنت بعد... (20/120 ثانية)
[2026-07-02 22:28:14] [WARN]   لا يوجد إنترنت بعد... (30/120 ثانية)
[2026-07-02 22:28:24] [WARN]   لا يوجد إنترنت بعد... (40/120 ثانية)
[2026-07-02 22:28:34] [WARN]   لا يوجد إنترنت بعد... (50/120 ثانية)
[2026-07-02 22:28:44] [WARN]   لا يوجد إنترنت بعد... (60/120 ثانية)
[2026-07-02 22:28:54] [WARN]   لا يوجد إنترنت بعد... (70/120 ثانية)
[2026-07-02 22:29:04] [WARN]   لا يوجد إنترنت بعد... (80/120 ثانية)
[2026-07-02 22:29:14] [WARN]   لا يوجد إنترنت بعد... (90/120 ثانية)
[2026-07-02 22:29:24] [WARN]   لا يوجد إنترنت بعد... (100/120 ثانية)
[2026-07-02 22:29:34] [WARN]   لا يوجد إنترنت بعد... (110/120 ثانية)
[2026-07-02 22:29:44] [ERROR] ❌ انتهت مهلة انتظار الإنترنت (120 ثانية) بدون اتصال.
[2026-07-02 22:29:44] [EVENT] INTERNET_TIMEOUT after 120s

========================================================
  RoadShield System Log
  Session started: 2026-07-02 22:29:49
========================================================
[2026-07-02 22:29:49] [EVENT] === SESSION START ===
[2026-07-02 22:29:49] [INFO] ملف السجل: ./system.log
[2026-07-02 22:29:49] [INFO] السيرفر: https://controlroom.dubibid.com
[2026-07-02 22:29:49] [INFO] المحلي:  MediaMTX ← كاميرات Hikvision
[2026-07-02 22:29:49] [INFO] ⏳ انتظار الاتصال بالإنترنت (مهلة: 120 ثانية)...
[2026-07-02 22:29:49] [INFO]    جهاز التحقق: 1.1.1.1
[2026-07-02 22:29:58] [WARN]   لا يوجد إنترنت بعد... (10/120 ثانية)
[2026-07-02 22:30:08] [WARN]   لا يوجد إنترنت بعد... (20/120 ثانية)
[2026-07-02 22:30:18] [WARN]   لا يوجد إنترنت بعد... (30/120 ثانية)
[2026-07-02 22:30:28] [WARN]   لا يوجد إنترنت بعد... (40/120 ثانية)
[2026-07-02 22:30:38] [WARN]   لا يوجد إنترنت بعد... (50/120 ثانية)
[2026-07-02 22:30:48] [WARN]   لا يوجد إنترنت بعد... (60/120 ثانية)
[2026-07-02 22:30:59] [WARN]   لا يوجد إنترنت بعد... (70/120 ثانية)
[2026-07-02 22:31:09] [WARN]   لا يوجد إنترنت بعد... (80/120 ثانية)
[2026-07-02 22:31:19] [WARN]   لا يوجد إنترنت بعد... (90/120 ثانية)
[2026-07-02 22:31:29] [WARN]   لا يوجد إنترنت بعد... (100/120 ثانية)
[2026-07-02 22:31:39] [WARN]   لا يوجد إنترنت بعد... (110/120 ثانية)

========================================================
  RoadShield System Log
  Session started: 2026-07-02 22:25:40
========================================================
[2026-07-02 22:25:40] [EVENT] === SESSION START ===
[2026-07-02 22:25:40] [INFO] ملف السجل: ./system.log
[2026-07-02 22:25:40] [INFO] السيرفر: https://controlroom.dubibid.com
[2026-07-02 22:25:40] [INFO] المحلي:  MediaMTX ← كاميرات Hikvision
[2026-07-02 22:25:40] [INFO] ⏳ انتظار الاتصال بالإنترنت (مهلة: 120 ثانية)...
[2026-07-02 22:25:40] [INFO]    جهاز التحقق: 1.1.1.1
[2026-07-02 22:25:49] [WARN]   لا يوجد إنترنت بعد... (10/120 ثانية)
[2026-07-02 22:25:59] [WARN]   لا يوجد إنترنت بعد... (20/120 ثانية)
[2026-07-02 22:26:09] [WARN]   لا يوجد إنترنت بعد... (30/120 ثانية)
[2026-07-02 22:26:19] [WARN]   لا يوجد إنترنت بعد... (40/120 ثانية)
[2026-07-02 22:26:29] [WARN]   لا يوجد إنترنت بعد... (50/120 ثانية)
[2026-07-02 22:26:39] [WARN]   لا يوجد إنترنت بعد... (60/120 ثانية)
[2026-07-02 22:26:49] [WARN]   لا يوجد إنترنت بعد... (70/120 ثانية)
[2026-07-02 22:26:59] [WARN]   لا يوجد إنترنت بعد... (80/120 ثانية)
[2026-07-02 22:27:09] [WARN]   لا يوجد إنترنت بعد... (90/120 ثانية)
[2026-07-02 22:27:19] [WARN]   لا يوجد إنترنت بعد... (100/120 ثانية)
[2026-07-02 22:27:29] [WARN]   لا يوجد إنترنت بعد... (110/120 ثانية)
[2026-07-02 22:27:39] [ERROR] ❌ انتهت مهلة انتظار الإنترنت (120 ثانية) بدون اتصال.
[2026-07-02 22:27:39] [EVENT] INTERNET_TIMEOUT after 120s

========================================================
  RoadShield System Log
  Session started: 2026-07-02 22:27:44
========================================================
[2026-07-02 22:27:44] [EVENT] === SESSION START ===
[2026-07-02 22:27:45] [INFO] ملف السجل: ./system.log
[2026-07-02 22:27:45] [INFO] السيرفر: https://controlroom.dubibid.com
[2026-07-02 22:27:45] [INFO] المحلي:  MediaMTX ← كاميرات Hikvision
[2026-07-02 22:27:45] [INFO] ⏳ انتظار الاتصال بالإنترنت (مهلة: 120 ثانية)...
[2026-07-02 22:27:45] [INFO]    جهاز التحقق: 1.1.1.1
[2026-07-02 22:27:54] [WARN]   لا يوجد إنترنت بعد... (10/120 ثانية)
[2026-07-02 22:28:04] [WARN]   لا يوجد إنترنت بعد... (20/120 ثانية)
[2026-07-02 22:28:14] [WARN]   لا يوجد إنترنت بعد... (30/120 ثانية)
[2026-07-02 22:28:24] [WARN]   لا يوجد إنترنت بعد... (40/120 ثانية)
[2026-07-02 22:28:34] [WARN]   لا يوجد إنترنت بعد... (50/120 ثانية)
[2026-07-02 22:28:44] [WARN]   لا يوجد إنترنت بعد... (60/120 ثانية)
[2026-07-02 22:28:54] [WARN]   لا يوجد إنترنت بعد... (70/120 ثانية)
[2026-07-02 22:29:04] [WARN]   لا يوجد إنترنت بعد... (80/120 ثانية)
[2026-07-02 22:29:14] [WARN]   لا يوجد إنترنت بعد... (90/120 ثانية)
[2026-07-02 22:29:24] [WARN]   لا يوجد إنترنت بعد... (100/120 ثانية)
[2026-07-02 22:29:34] [WARN]   لا يوجد إنترنت بعد... (110/120 ثانية)
[2026-07-02 22:29:44] [ERROR] ❌ انتهت مهلة انتظار الإنترنت (120 ثانية) بدون اتصال.
[2026-07-02 22:29:44] [EVENT] INTERNET_TIMEOUT after 120s

========================================================
  RoadShield System Log
  Session started: 2026-07-02 22:29:49
========================================================
[2026-07-02 22:29:49] [EVENT] === SESSION START ===
[2026-07-02 22:29:49] [INFO] ملف السجل: ./system.log
[2026-07-02 22:29:49] [INFO] السيرفر: https://controlroom.dubibid.com
[2026-07-02 22:29:49] [INFO] المحلي:  MediaMTX ← كاميرات Hikvision
[2026-07-02 22:29:49] [INFO] ⏳ انتظار الاتصال بالإنترنت (مهلة: 120 ثانية)...
[2026-07-02 22:29:49] [INFO]    جهاز التحقق: 1.1.1.1
[2026-07-02 22:29:58] [WARN]   لا يوجد إنترنت بعد... (10/120 ثانية)
[2026-07-02 22:30:08] [WARN]   لا يوجد إنترنت بعد... (20/120 ثانية)
[2026-07-02 22:30:18] [WARN]   لا يوجد إنترنت بعد... (30/120 ثانية)
[2026-07-02 22:30:28] [WARN]   لا يوجد إنترنت بعد... (40/120 ثانية)
[2026-07-02 22:30:39] [WARN]   لا يوجد إنترنت بعد... (50/120 ثانية)
[2026-07-02 22:30:49] [WARN]   لا يوجد إنترنت بعد... (60/120 ثانية)
[2026-07-02 22:30:59] [WARN]   لا يوجد إنترنت بعد... (70/120 ثانية)
[2026-07-02 22:31:09] [WARN]   لا يوجد إنترنت بعد... (80/120 ثانية)
[2026-07-02 22:31:19] [WARN]   لا يوجد إنترنت بعد... (90/120 ثانية)
[2026-07-02 22:31:29] [WARN]   لا يوجد إنترنت بعد... (100/120 ثانية)
[2026-07-02 22:31:39] [WARN]   لا يوجد إنترنت بعد... (110/120 ثانية)
[2026-07-02 22:31:49] [ERROR] ❌ انتهت مهلة انتظار الإنترنت (120 ثانية) بدون اتصال.
[2026-07-02 22:31:49] [EVENT] INTERNET_TIMEOUT after 120s

========================================================
  RoadShield System Log
  Session started: 2026-07-02 22:31:54
========================================================
[2026-07-02 22:31:54] [EVENT] === SESSION START ===
[2026-07-02 22:31:54] [INFO] ملف السجل: ./system.log
[2026-07-02 22:31:54] [INFO] السيرفر: https://controlroom.dubibid.com
[2026-07-02 22:31:54] [INFO] المحلي:  MediaMTX ← كاميرات Hikvision
[2026-07-02 22:31:54] [INFO] ⏳ انتظار الاتصال بالإنترنت (مهلة: 120 ثانية)...
[2026-07-02 22:31:54] [INFO]    جهاز التحقق: 1.1.1.1
[2026-07-02 22:32:03] [WARN]   لا يوجد إنترنت بعد... (10/120 ثانية)
[2026-07-02 22:32:13] [WARN]   لا يوجد إنترنت بعد... (20/120 ثانية)
[2026-07-02 22:32:23] [WARN]   لا يوجد إنترنت بعد... (30/120 ثانية)
[2026-07-02 22:32:33] [WARN]   لا يوجد إنترنت بعد... (40/120 ثانية)
[2026-07-02 22:32:43] [WARN]   لا يوجد إنترنت بعد... (50/120 ثانية)
[2026-07-02 22:32:53] [WARN]   لا يوجد إنترنت بعد... (60/120 ثانية)
[2026-07-02 22:33:03] [WARN]   لا يوجد إنترنت بعد... (70/120 ثانية)
[2026-07-02 22:33:13] [WARN]   لا يوجد إنترنت بعد... (80/120 ثانية)
[2026-07-02 22:33:23] [WARN]   لا يوجد إنترنت بعد... (90/120 ثانية)
[2026-07-02 22:33:34] [WARN]   لا يوجد إنترنت بعد... (100/120 ثانية)
[2026-07-02 22:33:44] [WARN]   لا يوجد إنترنت بعد... (110/120 ثانية)
[2026-07-02 22:33:54] [ERROR] ❌ انتهت مهلة انتظار الإنترنت (120 ثانية) بدون اتصال.
[2026-07-02 22:33:54] [EVENT] INTERNET_TIMEOUT after 120s

========================================================
  RoadShield System Log
  Session started: 2026-07-02 22:33:59
========================================================
[2026-07-02 22:33:59] [EVENT] === SESSION START ===
[2026-07-02 22:33:59] [INFO] ملف السجل: ./system.log
[2026-07-02 22:33:59] [INFO] السيرفر: https://controlroom.dubibid.com
[2026-07-02 22:33:59] [INFO] المحلي:  MediaMTX ← كاميرات Hikvision
[2026-07-02 22:33:59] [INFO] ⏳ انتظار الاتصال بالإنترنت (مهلة: 120 ثانية)...
[2026-07-02 22:33:59] [INFO]    جهاز التحقق: 1.1.1.1
[2026-07-02 22:34:08] [WARN]   لا يوجد إنترنت بعد... (10/120 ثانية)
[2026-07-02 22:34:18] [WARN]   لا يوجد إنترنت بعد... (20/120 ثانية)
[2026-07-02 22:34:28] [WARN]   لا يوجد إنترنت بعد... (30/120 ثانية)
[2026-07-02 22:34:38] [WARN]   لا يوجد إنترنت بعد... (40/120 ثانية)
[2026-07-02 22:34:48] [WARN]   لا يوجد إنترنت بعد... (50/120 ثانية)
[2026-07-02 22:34:58] [WARN]   لا يوجد إنترنت بعد... (60/120 ثانية)
[2026-07-02 22:35:08] [WARN]   لا يوجد إنترنت بعد... (70/120 ثانية)
[2026-07-02 22:35:18] [WARN]   لا يوجد إنترنت بعد... (80/120 ثانية)
[2026-07-02 22:35:28] [WARN]   لا يوجد إنترنت بعد... (90/120 ثانية)
[2026-07-02 22:35:38] [WARN]   لا يوجد إنترنت بعد... (100/120 ثانية)
[2026-07-02 22:35:48] [WARN]   لا يوجد إنترنت بعد... (110/120 ثانية)
[2026-07-02 22:35:58] [ERROR] ❌ انتهت مهلة انتظار الإنترنت (120 ثانية) بدون اتصال.
[2026-07-02 22:35:58] [EVENT] INTERNET_TIMEOUT after 120s

========================================================
  RoadShield System Log
  Session started: 2026-07-02 22:36:03
========================================================
[2026-07-02 22:36:03] [EVENT] === SESSION START ===
[2026-07-02 22:36:04] [INFO] ملف السجل: ./system.log
[2026-07-02 22:36:04] [INFO] السيرفر: https://controlroom.dubibid.com
[2026-07-02 22:36:04] [INFO] المحلي:  MediaMTX ← كاميرات Hikvision
[2026-07-02 22:36:04] [INFO] ⏳ انتظار الاتصال بالإنترنت (مهلة: 120 ثانية)...
[2026-07-02 22:36:04] [INFO]    جهاز التحقق: 1.1.1.1
[2026-07-02 22:36:13] [WARN]   لا يوجد إنترنت بعد... (10/120 ثانية)
[2026-07-02 22:36:23] [WARN]   لا يوجد إنترنت بعد... (20/120 ثانية)
[2026-07-02 22:36:33] [WARN]   لا يوجد إنترنت بعد... (30/120 ثانية)
[2026-07-02 22:36:43] [WARN]   لا يوجد إنترنت بعد... (40/120 ثانية)
[2026-07-02 22:36:53] [WARN]   لا يوجد إنترنت بعد... (50/120 ثانية)
[2026-07-02 22:37:03] [WARN]   لا يوجد إنترنت بعد... (60/120 ثانية)
[2026-07-02 22:37:13] [WARN]   لا يوجد إنترنت بعد... (70/120 ثانية)
[2026-07-02 22:37:23] [WARN]   لا يوجد إنترنت بعد... (80/120 ثانية)
[2026-07-02 22:37:33] [WARN]   لا يوجد إنترنت بعد... (90/120 ثانية)
[2026-07-02 22:37:43] [WARN]   لا يوجد إنترنت بعد... (100/120 ثانية)
[2026-07-02 22:37:53] [WARN]   لا يوجد إنترنت بعد... (110/120 ثانية)
[2026-07-02 22:38:03] [ERROR] ❌ انتهت مهلة انتظار الإنترنت (120 ثانية) بدون اتصال.
[2026-07-02 22:38:03] [EVENT] INTERNET_TIMEOUT after 120s

========================================================
  RoadShield System Log
  Session started: 2026-07-02 22:38:08
========================================================
[2026-07-02 22:38:08] [EVENT] === SESSION START ===
[2026-07-02 22:38:08] [INFO] ملف السجل: ./system.log
[2026-07-02 22:38:08] [INFO] السيرفر: https://controlroom.dubibid.com
[2026-07-02 22:38:08] [INFO] المحلي:  MediaMTX ← كاميرات Hikvision
[2026-07-02 22:38:08] [INFO] ⏳ انتظار الاتصال بالإنترنت (مهلة: 120 ثانية)...
[2026-07-02 22:38:08] [INFO]    جهاز التحقق: 1.1.1.1
[2026-07-02 22:38:17] [WARN]   لا يوجد إنترنت بعد... (10/120 ثانية)
[2026-07-02 22:38:27] [WARN]   لا يوجد إنترنت بعد... (20/120 ثانية)
[2026-07-02 22:38:37] [WARN]   لا يوجد إنترنت بعد... (30/120 ثانية)
[2026-07-02 22:38:47] [WARN]   لا يوجد إنترنت بعد... (40/120 ثانية)
[2026-07-02 22:38:58] [WARN]   لا يوجد إنترنت بعد... (50/120 ثانية)
[2026-07-02 22:39:08] [WARN]   لا يوجد إنترنت بعد... (60/120 ثانية)
[2026-07-02 22:39:18] [WARN]   لا يوجد إنترنت بعد... (70/120 ثانية)
[2026-07-02 22:39:28] [WARN]   لا يوجد إنترنت بعد... (80/120 ثانية)
[2026-07-02 22:39:38] [WARN]   لا يوجد إنترنت بعد... (90/120 ثانية)
[2026-07-02 22:39:48] [WARN]   لا يوجد إنترنت بعد... (100/120 ثانية)
[2026-07-02 22:39:58] [WARN]   لا يوجد إنترنت بعد... (110/120 ثانية)
[2026-07-02 22:40:08] [ERROR] ❌ انتهت مهلة انتظار الإنترنت (120 ثانية) بدون اتصال.
[2026-07-02 22:40:08] [EVENT] INTERNET_TIMEOUT after 120s

========================================================
  RoadShield System Log
  Session started: 2026-07-02 22:40:13
========================================================
[2026-07-02 22:40:13] [EVENT] === SESSION START ===
[2026-07-02 22:40:13] [INFO] ملف السجل: ./system.log
[2026-07-02 22:40:13] [INFO] السيرفر: https://controlroom.dubibid.com
[2026-07-02 22:40:13] [INFO] المحلي:  MediaMTX ← كاميرات Hikvision
[2026-07-02 22:40:13] [INFO] ⏳ انتظار الاتصال بالإنترنت (مهلة: 120 ثانية)...
[2026-07-02 22:40:13] [INFO]    جهاز التحقق: 1.1.1.1
[2026-07-02 22:40:22] [WARN]   لا يوجد إنترنت بعد... (10/120 ثانية)
[2026-07-02 22:40:32] [WARN]   لا يوجد إنترنت بعد... (20/120 ثانية)
[2026-07-02 22:40:42] [WARN]   لا يوجد إنترنت بعد... (30/120 ثانية)
[2026-07-02 22:40:52] [WARN]   لا يوجد إنترنت بعد... (40/120 ثانية)
[2026-07-02 22:41:02] [WARN]   لا يوجد إنترنت بعد... (50/120 ثانية)
[2026-07-02 22:41:12] [WARN]   لا يوجد إنترنت بعد... (60/120 ثانية)
[2026-07-02 22:41:22] [WARN]   لا يوجد إنترنت بعد... (70/120 ثانية)
[2026-07-02 22:41:32] [WARN]   لا يوجد إنترنت بعد... (80/120 ثانية)
[2026-07-02 22:41:42] [WARN]   لا يوجد إنترنت بعد... (90/120 ثانية)
[2026-07-02 22:41:53] [WARN]   لا يوجد إنترنت بعد... (100/120 ثانية)
[2026-07-02 22:42:03] [WARN]   لا يوجد إنترنت بعد... (110/120 ثانية)
[2026-07-02 22:42:13] [ERROR] ❌ انتهت مهلة انتظار الإنترنت (120 ثانية) بدون اتصال.
[2026-07-02 22:42:13] [EVENT] INTERNET_TIMEOUT after 120s

========================================================
  RoadShield System Log
  Session started: 2026-07-02 22:42:18
========================================================
[2026-07-02 22:42:18] [EVENT] === SESSION START ===
[2026-07-02 22:42:18] [INFO] ملف السجل: ./system.log
[2026-07-02 22:42:18] [INFO] السيرفر: https://controlroom.dubibid.com
[2026-07-02 22:42:18] [INFO] المحلي:  MediaMTX ← كاميرات Hikvision
[2026-07-02 22:42:18] [INFO] ⏳ انتظار الاتصال بالإنترنت (مهلة: 120 ثانية)...
[2026-07-02 22:42:18] [INFO]    جهاز التحقق: 1.1.1.1
[2026-07-02 22:42:27] [WARN]   لا يوجد إنترنت بعد... (10/120 ثانية)
[2026-07-02 22:42:37] [WARN]   لا يوجد إنترنت بعد... (20/120 ثانية)
[2026-07-02 22:42:47] [WARN]   لا يوجد إنترنت بعد... (30/120 ثانية)
[2026-07-02 22:42:57] [WARN]   لا يوجد إنترنت بعد... (40/120 ثانية)
[2026-07-02 22:43:07] [WARN]   لا يوجد إنترنت بعد... (50/120 ثانية)
[2026-07-02 22:43:17] [WARN]   لا يوجد إنترنت بعد... (60/120 ثانية)
[2026-07-02 22:43:27] [WARN]   لا يوجد إنترنت بعد... (70/120 ثانية)
[2026-07-02 22:43:37] [WARN]   لا يوجد إنترنت بعد... (80/120 ثانية)
[2026-07-02 22:43:47] [WARN]   لا يوجد إنترنت بعد... (90/120 ثانية)
[2026-07-02 22:43:57] [WARN]   لا يوجد إنترنت بعد... (100/120 ثانية)
[2026-07-02 22:44:07] [WARN]   لا يوجد إنترنت بعد... (110/120 ثانية)
[2026-07-02 22:44:17] [ERROR] ❌ انتهت مهلة انتظار الإنترنت (120 ثانية) بدون اتصال.
[2026-07-02 22:44:17] [EVENT] INTERNET_TIMEOUT after 120s

========================================================
  RoadShield System Log
  Session started: 2026-07-02 22:44:22
========================================================
[2026-07-02 22:44:22] [EVENT] === SESSION START ===
[2026-07-02 22:44:23] [INFO] ملف السجل: ./system.log
[2026-07-02 22:44:23] [INFO] السيرفر: https://controlroom.dubibid.com
[2026-07-02 22:44:23] [INFO] المحلي:  MediaMTX ← كاميرات Hikvision
[2026-07-02 22:44:23] [INFO] ⏳ انتظار الاتصال بالإنترنت (مهلة: 120 ثانية)...
[2026-07-02 22:44:23] [INFO]    جهاز التحقق: 1.1.1.1
[2026-07-02 22:44:32] [WARN]   لا يوجد إنترنت بعد... (10/120 ثانية)
[2026-07-02 22:44:42] [WARN]   لا يوجد إنترنت بعد... (20/120 ثانية)
[2026-07-02 22:44:52] [WARN]   لا يوجد إنترنت بعد... (30/120 ثانية)
[2026-07-02 22:45:02] [WARN]   لا يوجد إنترنت بعد... (40/120 ثانية)
[2026-07-02 22:45:12] [WARN]   لا يوجد إنترنت بعد... (50/120 ثانية)
[2026-07-02 22:45:22] [WARN]   لا يوجد إنترنت بعد... (60/120 ثانية)
[2026-07-02 22:45:32] [WARN]   لا يوجد إنترنت بعد... (70/120 ثانية)
[2026-07-02 22:45:42] [WARN]   لا يوجد إنترنت بعد... (80/120 ثانية)
[2026-07-02 22:45:52] [WARN]   لا يوجد إنترنت بعد... (90/120 ثانية)
[2026-07-02 22:46:02] [WARN]   لا يوجد إنترنت بعد... (100/120 ثانية)
[2026-07-02 22:46:12] [WARN]   لا يوجد إنترنت بعد... (110/120 ثانية)
[2026-07-02 22:46:22] [ERROR] ❌ انتهت مهلة انتظار الإنترنت (120 ثانية) بدون اتصال.
[2026-07-02 22:46:22] [EVENT] INTERNET_TIMEOUT after 120s

========================================================
  RoadShield System Log
  Session started: 2026-07-02 22:46:27
========================================================
[2026-07-02 22:46:27] [EVENT] === SESSION START ===
[2026-07-02 22:46:27] [INFO] ملف السجل: ./system.log
[2026-07-02 22:46:27] [INFO] السيرفر: https://controlroom.dubibid.com
[2026-07-02 22:46:27] [INFO] المحلي:  MediaMTX ← كاميرات Hikvision
[2026-07-02 22:46:27] [INFO] ⏳ انتظار الاتصال بالإنترنت (مهلة: 120 ثانية)...
[2026-07-02 22:46:27] [INFO]    جهاز التحقق: 1.1.1.1
[2026-07-02 22:46:36] [WARN]   لا يوجد إنترنت بعد... (10/120 ثانية)
[2026-07-02 22:46:46] [WARN]   لا يوجد إنترنت بعد... (20/120 ثانية)
[2026-07-02 22:46:56] [WARN]   لا يوجد إنترنت بعد... (30/120 ثانية)
[2026-07-02 22:47:06] [WARN]   لا يوجد إنترنت بعد... (40/120 ثانية)
[2026-07-02 22:47:17] [WARN]   لا يوجد إنترنت بعد... (50/120 ثانية)
[2026-07-02 22:47:27] [WARN]   لا يوجد إنترنت بعد... (60/120 ثانية)
[2026-07-02 22:47:37] [WARN]   لا يوجد إنترنت بعد... (70/120 ثانية)
[2026-07-02 22:47:47] [WARN]   لا يوجد إنترنت بعد... (80/120 ثانية)
[2026-07-02 22:47:57] [WARN]   لا يوجد إنترنت بعد... (90/120 ثانية)
[2026-07-02 22:48:07] [WARN]   لا يوجد إنترنت بعد... (100/120 ثانية)
[2026-07-02 22:48:17] [WARN]   لا يوجد إنترنت بعد... (110/120 ثانية)
[2026-07-02 22:48:27] [ERROR] ❌ انتهت مهلة انتظار الإنترنت (120 ثانية) بدون اتصال.
[2026-07-02 22:48:27] [EVENT] INTERNET_TIMEOUT after 120s

========================================================
  RoadShield System Log
  Session started: 2026-07-02 22:48:32
========================================================
[2026-07-02 22:48:32] [EVENT] === SESSION START ===
[2026-07-02 22:48:32] [INFO] ملف السجل: ./system.log
[2026-07-02 22:48:32] [INFO] السيرفر: https://controlroom.dubibid.com
[2026-07-02 22:48:32] [INFO] المحلي:  MediaMTX ← كاميرات Hikvision
[2026-07-02 22:48:32] [INFO] ⏳ انتظار الاتصال بالإنترنت (مهلة: 120 ثانية)...
[2026-07-02 22:48:32] [INFO]    جهاز التحقق: 1.1.1.1
[2026-07-02 22:48:41] [WARN]   لا يوجد إنترنت بعد... (10/120 ثانية)
[2026-07-02 22:48:51] [WARN]   لا يوجد إنترنت بعد... (20/120 ثانية)
[2026-07-02 22:49:01] [WARN]   لا يوجد إنترنت بعد... (30/120 ثانية)
[2026-07-02 22:49:11] [WARN]   لا يوجد إنترنت بعد... (40/120 ثانية)
[2026-07-02 22:49:21] [WARN]   لا يوجد إنترنت بعد... (50/120 ثانية)
[2026-07-02 22:49:31] [WARN]   لا يوجد إنترنت بعد... (60/120 ثانية)
[2026-07-02 22:49:41] [WARN]   لا يوجد إنترنت بعد... (70/120 ثانية)
[2026-07-02 22:49:51] [WARN]   لا يوجد إنترنت بعد... (80/120 ثانية)
[2026-07-02 22:50:01] [WARN]   لا يوجد إنترنت بعد... (90/120 ثانية)
[2026-07-02 22:50:12] [WARN]   لا يوجد إنترنت بعد... (100/120 ثانية)
[2026-07-02 22:50:22] [WARN]   لا يوجد إنترنت بعد... (110/120 ثانية)
[2026-07-02 22:50:32] [ERROR] ❌ انتهت مهلة انتظار الإنترنت (120 ثانية) بدون اتصال.
[2026-07-02 22:50:32] [EVENT] INTERNET_TIMEOUT after 120s

========================================================
  RoadShield System Log
  Session started: 2026-07-02 22:50:37
========================================================
[2026-07-02 22:50:37] [EVENT] === SESSION START ===
[2026-07-02 22:50:37] [INFO] ملف السجل: ./system.log
[2026-07-02 22:50:37] [INFO] السيرفر: https://controlroom.dubibid.com
[2026-07-02 22:50:37] [INFO] المحلي:  MediaMTX ← كاميرات Hikvision
[2026-07-02 22:50:37] [INFO] ⏳ انتظار الاتصال بالإنترنت (مهلة: 120 ثانية)...
[2026-07-02 22:50:37] [INFO]    جهاز التحقق: 1.1.1.1
[2026-07-02 22:50:46] [WARN]   لا يوجد إنترنت بعد... (10/120 ثانية)
[2026-07-02 22:50:56] [WARN]   لا يوجد إنترنت بعد... (20/120 ثانية)
[2026-07-02 22:51:06] [WARN]   لا يوجد إنترنت بعد... (30/120 ثانية)
[2026-07-02 22:51:16] [WARN]   لا يوجد إنترنت بعد... (40/120 ثانية)
[2026-07-02 22:51:26] [WARN]   لا يوجد إنترنت بعد... (50/120 ثانية)
[2026-07-02 22:51:36] [WARN]   لا يوجد إنترنت بعد... (60/120 ثانية)
[2026-07-02 22:51:46] [WARN]   لا يوجد إنترنت بعد... (70/120 ثانية)
[2026-07-02 22:51:56] [WARN]   لا يوجد إنترنت بعد... (80/120 ثانية)
[2026-07-02 22:52:06] [WARN]   لا يوجد إنترنت بعد... (90/120 ثانية)
[2026-07-02 22:52:16] [WARN]   لا يوجد إنترنت بعد... (100/120 ثانية)
[2026-07-02 22:52:26] [WARN]   لا يوجد إنترنت بعد... (110/120 ثانية)
[2026-07-02 22:52:36] [ERROR] ❌ انتهت مهلة انتظار الإنترنت (120 ثانية) بدون اتصال.
[2026-07-02 22:52:36] [EVENT] INTERNET_TIMEOUT after 120s

========================================================
  RoadShield System Log
  Session started: 2026-07-02 22:52:41
========================================================
[2026-07-02 22:52:41] [EVENT] === SESSION START ===
[2026-07-02 22:52:42] [INFO] ملف السجل: ./system.log
[2026-07-02 22:52:42] [INFO] السيرفر: https://controlroom.dubibid.com
[2026-07-02 22:52:42] [INFO] المحلي:  MediaMTX ← كاميرات Hikvision
[2026-07-02 22:52:42] [INFO] ⏳ انتظار الاتصال بالإنترنت (مهلة: 120 ثانية)...
[2026-07-02 22:52:42] [INFO]    جهاز التحقق: 1.1.1.1
[2026-07-02 22:52:51] [WARN]   لا يوجد إنترنت بعد... (10/120 ثانية)
[2026-07-02 22:53:01] [WARN]   لا يوجد إنترنت بعد... (20/120 ثانية)
[2026-07-02 22:53:11] [WARN]   لا يوجد إنترنت بعد... (30/120 ثانية)
[2026-07-02 22:53:21] [WARN]   لا يوجد إنترنت بعد... (40/120 ثانية)
[2026-07-02 22:53:31] [WARN]   لا يوجد إنترنت بعد... (50/120 ثانية)
[2026-07-02 22:53:41] [WARN]   لا يوجد إنترنت بعد... (60/120 ثانية)
[2026-07-02 22:53:51] [WARN]   لا يوجد إنترنت بعد... (70/120 ثانية)
[2026-07-02 22:54:01] [WARN]   لا يوجد إنترنت بعد... (80/120 ثانية)
[2026-07-02 22:54:11] [WARN]   لا يوجد إنترنت بعد... (90/120 ثانية)
[2026-07-02 22:54:21] [WARN]   لا يوجد إنترنت بعد... (100/120 ثانية)
[2026-07-02 22:54:31] [WARN]   لا يوجد إنترنت بعد... (110/120 ثانية)
[2026-07-02 22:54:41] [ERROR] ❌ انتهت مهلة انتظار الإنترنت (120 ثانية) بدون اتصال.
[2026-07-02 22:54:41] [EVENT] INTERNET_TIMEOUT after 120s

========================================================
  RoadShield System Log
  Session started: 2026-07-02 22:54:46
========================================================
[2026-07-02 22:54:46] [EVENT] === SESSION START ===
[2026-07-02 22:54:46] [INFO] ملف السجل: ./system.log
[2026-07-02 22:54:46] [INFO] السيرفر: https://controlroom.dubibid.com
[2026-07-02 22:54:46] [INFO] المحلي:  MediaMTX ← كاميرات Hikvision
[2026-07-02 22:54:46] [INFO] ⏳ انتظار الاتصال بالإنترنت (مهلة: 120 ثانية)...
[2026-07-02 22:54:46] [INFO]    جهاز التحقق: 1.1.1.1
[2026-07-02 22:54:55] [WARN]   لا يوجد إنترنت بعد... (10/120 ثانية)
[2026-07-02 22:55:05] [WARN]   لا يوجد إنترنت بعد... (20/120 ثانية)
[2026-07-02 22:55:15] [WARN]   لا يوجد إنترنت بعد... (30/120 ثانية)
[2026-07-02 22:55:25] [WARN]   لا يوجد إنترنت بعد... (40/120 ثانية)
[2026-07-02 22:55:36] [WARN]   لا يوجد إنترنت بعد... (50/120 ثانية)
[2026-07-02 22:55:46] [WARN]   لا يوجد إنترنت بعد... (60/120 ثانية)
[2026-07-02 22:55:56] [WARN]   لا يوجد إنترنت بعد... (70/120 ثانية)
[2026-07-02 22:56:06] [WARN]   لا يوجد إنترنت بعد... (80/120 ثانية)
[2026-07-02 22:56:16] [WARN]   لا يوجد إنترنت بعد... (90/120 ثانية)
[2026-07-02 22:56:26] [WARN]   لا يوجد إنترنت بعد... (100/120 ثانية)
[2026-07-02 22:56:36] [WARN]   لا يوجد إنترنت بعد... (110/120 ثانية)
[2026-07-02 22:56:46] [ERROR] ❌ انتهت مهلة انتظار الإنترنت (120 ثانية) بدون اتصال.
[2026-07-02 22:56:46] [EVENT] INTERNET_TIMEOUT after 120s

========================================================
  RoadShield System Log
  Session started: 2026-07-02 22:56:51
========================================================
[2026-07-02 22:56:51] [EVENT] === SESSION START ===
[2026-07-02 22:56:51] [INFO] ملف السجل: ./system.log
[2026-07-02 22:56:51] [INFO] السيرفر: https://controlroom.dubibid.com
[2026-07-02 22:56:51] [INFO] المحلي:  MediaMTX ← كاميرات Hikvision
[2026-07-02 22:56:51] [INFO] ⏳ انتظار الاتصال بالإنترنت (مهلة: 120 ثانية)...
[2026-07-02 22:56:51] [INFO]    جهاز التحقق: 1.1.1.1
[2026-07-02 22:57:00] [WARN]   لا يوجد إنترنت بعد... (10/120 ثانية)
[2026-07-02 22:57:10] [WARN]   لا يوجد إنترنت بعد... (20/120 ثانية)
[2026-07-02 22:57:20] [WARN]   لا يوجد إنترنت بعد... (30/120 ثانية)
[2026-07-02 22:57:30] [WARN]   لا يوجد إنترنت بعد... (40/120 ثانية)
[2026-07-02 22:57:40] [WARN]   لا يوجد إنترنت بعد... (50/120 ثانية)
[2026-07-02 22:57:50] [WARN]   لا يوجد إنترنت بعد... (60/120 ثانية)
[2026-07-02 22:58:00] [WARN]   لا يوجد إنترنت بعد... (70/120 ثانية)
[2026-07-02 22:58:10] [WARN]   لا يوجد إنترنت بعد... (80/120 ثانية)
[2026-07-02 22:58:20] [WARN]   لا يوجد إنترنت بعد... (90/120 ثانية)
[2026-07-02 22:58:30] [EVENT] ✅ تم الحصول على الإنترنت في: 2026-07-02 22:58:30 (بعد 98 ثانية من بدء التشغيل)
[2026-07-02 22:58:30] [SUCCESS] ✅ الإنترنت متاح! (98s)
[2026-07-02 22:58:30] [INFO] تشغيل MediaMTX...
[2026-07-02 22:58:31] [EVENT] MediaMTX started — PID: 6497 — Time: 2026-07-02 22:58:31
[2026-07-02 22:58:33] [INFO] MediaMTX يعمل (PID: 6497)
[2026-07-02 22:58:33] [INFO] تشغيل camera-control.py (PTZ agent)...
[2026-07-02 22:58:34] [EVENT] camera-control.py started — PID: 6515 — Time: 2026-07-02 22:58:34
[2026-07-02 22:58:34] [INFO] camera-control.py يعمل (PID: 6515)
[2026-07-02 22:58:34] [INFO] تشغيل Cloudflare Tunnel...
[2026-07-02 22:58:34] [EVENT] Cloudflare Tunnel starting — Time: 2026-07-02 22:58:34
[2026-07-02 22:58:34] [INFO] انتظار URL من Cloudflare...
[2026-07-02 22:58:40] [EVENT] Cloudflare Tunnel URL received: https://excitement-calling-internationally-crown.trycloudflare.com — Time: 2026-07-02 22:58:40
[2026-07-02 22:58:40] [INFO] تسجيل URL في Laravel API...
[2026-07-02 22:58:40] [SUCCESS] ✅ URL مسجّل بنجاح في Laravel!
[2026-07-02 22:58:40] [INFO]   → الكاميرات تعمل على: https://controlroom.dubibid.com/surveillance
[2026-07-02 22:58:40] [INFO] النظام يعمل. اضغط Ctrl+C للإيقاف.
[2026-07-02 22:58:40] [INFO] ملف السجل الكامل: /home/yazan/projects/rs-python-stream/system.log

========================================================
  RoadShield System Log
  Session started: 2026-07-05 00:14:51
========================================================
[2026-07-05 00:14:51] [EVENT] === SESSION START ===
[2026-07-05 00:14:51] [INFO] ملف السجل: ./system.log
[2026-07-05 00:14:51] [INFO] السيرفر: https://controlroom.dubibid.com
[2026-07-05 00:14:51] [INFO] المحلي:  MediaMTX ← كاميرات Hikvision
[2026-07-05 00:14:51] [INFO] ⏳ انتظار الاتصال بالإنترنت (مهلة: 120 ثانية)...
[2026-07-05 00:14:51] [INFO]    جهاز التحقق: 1.1.1.1
[2026-07-05 00:15:01] [WARN]   لا يوجد إنترنت بعد... (10/120 ثانية)
[2026-07-05 00:15:11] [WARN]   لا يوجد إنترنت بعد... (20/120 ثانية)
[2026-07-05 00:15:21] [WARN]   لا يوجد إنترنت بعد... (30/120 ثانية)
[2026-07-05 00:15:31] [WARN]   لا يوجد إنترنت بعد... (40/120 ثانية)
[2026-07-05 00:15:41] [WARN]   لا يوجد إنترنت بعد... (50/120 ثانية)
[2026-07-05 00:15:51] [WARN]   لا يوجد إنترنت بعد... (60/120 ثانية)
[2026-07-05 00:16:01] [WARN]   لا يوجد إنترنت بعد... (70/120 ثانية)
[2026-07-05 00:16:11] [WARN]   لا يوجد إنترنت بعد... (80/120 ثانية)
[2026-07-05 00:16:21] [WARN]   لا يوجد إنترنت بعد... (90/120 ثانية)
[2026-07-05 00:16:31] [WARN]   لا يوجد إنترنت بعد... (100/120 ثانية)
[2026-07-05 00:16:35] [EVENT] ✅ تم الحصول على الإنترنت في: 2026-07-05 00:16:35 (بعد 103 ثانية من بدء التشغيل)
[2026-07-05 00:16:35] [SUCCESS] ✅ الإنترنت متاح! (103s)
[2026-07-05 00:16:35] [INFO] تشغيل MediaMTX...
[2026-07-05 00:16:36] [EVENT] MediaMTX started — PID: 3888 — Time: 2026-07-05 00:16:36
[2026-07-05 00:16:38] [INFO] MediaMTX يعمل (PID: 3888)
[2026-07-05 00:16:38] [INFO] تشغيل camera-control.py (PTZ agent)...
[2026-07-05 00:16:39] [EVENT] camera-control.py started — PID: 3906 — Time: 2026-07-05 00:16:39
[2026-07-05 00:16:39] [INFO] camera-control.py يعمل (PID: 3906)
[2026-07-05 00:16:39] [INFO] تشغيل Cloudflare Tunnel...
[2026-07-05 00:16:39] [EVENT] Cloudflare Tunnel starting — Time: 2026-07-05 00:16:39
[2026-07-05 00:16:39] [INFO] انتظار URL من Cloudflare...
[2026-07-05 00:16:44] [EVENT] Cloudflare Tunnel URL received: https://pot-supplements-pressing-briefing.trycloudflare.com — Time: 2026-07-05 00:16:44
[2026-07-05 00:16:44] [INFO] تسجيل URL في Laravel API...
[2026-07-05 00:16:45] [SUCCESS] ✅ URL مسجّل بنجاح في Laravel!
[2026-07-05 00:16:45] [INFO]   → الكاميرات تعمل على: https://controlroom.dubibid.com/surveillance
[2026-07-05 00:16:45] [INFO] النظام يعمل. اضغط Ctrl+C للإيقاف.
[2026-07-05 00:16:45] [INFO] ملف السجل الكامل: /home/yazan/projects/rs-python-stream/system.log

========================================================
  RoadShield System Log
  Session started: 2026-07-05 19:30:09
========================================================
[2026-07-05 19:30:09] [EVENT] === SESSION START ===
[2026-07-05 19:30:09] [INFO] ملف السجل: ./system.log
[2026-07-05 19:30:09] [INFO] السيرفر: https://controlroom.dubibid.com
[2026-07-05 19:30:09] [INFO] المحلي:  MediaMTX ← كاميرات Hikvision
[2026-07-05 19:30:09] [INFO] ⏳ انتظار الاتصال بالإنترنت (مهلة: 120 ثانية)...
[2026-07-05 19:30:09] [INFO]    جهاز التحقق: 1.1.1.1
[2026-07-05 19:30:18] [WARN]   لا يوجد إنترنت بعد... (10/120 ثانية)
[2026-07-05 19:30:32] [WARN]   لا يوجد إنترنت بعد... (20/120 ثانية)
[2026-07-05 19:30:50] [WARN]   لا يوجد إنترنت بعد... (30/120 ثانية)
[2026-07-05 19:31:06] [WARN]   لا يوجد إنترنت بعد... (40/120 ثانية)
[2026-07-05 19:31:22] [WARN]   لا يوجد إنترنت بعد... (50/120 ثانية)
[2026-07-05 19:31:36] [WARN]   لا يوجد إنترنت بعد... (60/120 ثانية)
[2026-07-05 19:31:40] [EVENT] ✅ تم الحصول على الإنترنت في: 2026-07-05 19:31:40 (بعد 61 ثانية من بدء التشغيل)
[2026-07-05 19:31:40] [SUCCESS] ✅ الإنترنت متاح! (61s)
[2026-07-05 19:31:40] [INFO] تشغيل MediaMTX...
[2026-07-05 19:31:41] [EVENT] MediaMTX started — PID: 2281 — Time: 2026-07-05 19:31:41
[2026-07-05 19:58:59] [INFO] MediaMTX يعمل (PID: 2281)
[2026-07-05 19:58:59] [INFO] تشغيل camera-control.py (PTZ agent)...
[2026-07-05 19:59:00] [EVENT] camera-control.py started — PID: 2299 — Time: 2026-07-05 19:59:00
[2026-07-05 19:59:00] [INFO] camera-control.py يعمل (PID: 2299)
[2026-07-05 19:59:00] [INFO] تشغيل Cloudflare Tunnel...
[2026-07-05 19:59:00] [EVENT] Cloudflare Tunnel starting — Time: 2026-07-05 19:59:00
[2026-07-05 19:59:00] [INFO] انتظار URL من Cloudflare...
[2026-07-05 19:59:06] [EVENT] Cloudflare Tunnel URL received: https://length-thousand-francisco-ties.trycloudflare.com — Time: 2026-07-05 19:59:06
[2026-07-05 19:59:06] [INFO] تسجيل URL في Laravel API...
[2026-07-05 19:59:06] [SUCCESS] ✅ URL مسجّل بنجاح في Laravel!
[2026-07-05 19:59:06] [INFO]   → الكاميرات تعمل على: https://controlroom.dubibid.com/surveillance
[2026-07-05 19:59:06] [INFO] النظام يعمل. اضغط Ctrl+C للإيقاف.
[2026-07-05 19:59:06] [INFO] ملف السجل الكامل: /home/yazan/projects/rs-python-stream/system.log

========================================================
  RoadShield System Log
  Session started: 2026-07-06 05:04:42
========================================================
[2026-07-06 05:04:42] [EVENT] === SESSION START ===
[2026-07-06 05:04:42] [INFO] ملف السجل: ./system.log
[2026-07-06 05:04:42] [INFO] السيرفر: https://controlroom.dubibid.com
[2026-07-06 05:04:42] [INFO] المحلي:  MediaMTX ← كاميرات Hikvision
[2026-07-06 05:04:42] [INFO] ⏳ انتظار الاتصال بالإنترنت (مهلة: 120 ثانية)...
[2026-07-06 05:04:42] [INFO]    جهاز التحقق: 1.1.1.1
[2026-07-06 05:04:51] [WARN]   لا يوجد إنترنت بعد... (10/120 ثانية)
[2026-07-06 05:05:03] [WARN]   لا يوجد إنترنت بعد... (20/120 ثانية)
[2026-07-06 05:05:21] [WARN]   لا يوجد إنترنت بعد... (30/120 ثانية)
[2026-07-06 05:05:39] [WARN]   لا يوجد إنترنت بعد... (40/120 ثانية)
[2026-07-06 05:05:55] [WARN]   لا يوجد إنترنت بعد... (50/120 ثانية)
[2026-07-06 05:06:09] [EVENT] ✅ تم الحصول على الإنترنت في: 2026-07-06 05:06:09 (بعد 57 ثانية من بدء التشغيل)
[2026-07-06 05:06:09] [SUCCESS] ✅ الإنترنت متاح! (57s)
[2026-07-06 05:06:09] [INFO] تشغيل MediaMTX...
[2026-07-06 05:06:11] [EVENT] MediaMTX started — PID: 2263 — Time: 2026-07-06 05:06:11
[2026-07-06 05:11:22] [INFO] MediaMTX يعمل (PID: 2263)
[2026-07-06 05:11:22] [INFO] تشغيل camera-control.py (PTZ agent)...
[2026-07-06 05:11:23] [EVENT] camera-control.py started — PID: 2281 — Time: 2026-07-06 05:11:23
[2026-07-06 05:11:23] [INFO] camera-control.py يعمل (PID: 2281)
[2026-07-06 05:11:23] [INFO] تشغيل Cloudflare Tunnel...
[2026-07-06 05:11:23] [EVENT] Cloudflare Tunnel starting — Time: 2026-07-06 05:11:23
[2026-07-06 05:11:23] [INFO] انتظار URL من Cloudflare...
[2026-07-06 05:11:28] [EVENT] Cloudflare Tunnel URL received: https://dinner-authorities-silly-happened.trycloudflare.com — Time: 2026-07-06 05:11:28
[2026-07-06 05:11:28] [INFO] تسجيل URL في Laravel API...
[2026-07-06 05:11:28] [SUCCESS] ✅ URL مسجّل بنجاح في Laravel!
[2026-07-06 05:11:28] [INFO]   → الكاميرات تعمل على: https://controlroom.dubibid.com/surveillance
[2026-07-06 05:11:28] [INFO] النظام يعمل. اضغط Ctrl+C للإيقاف.
[2026-07-06 05:11:28] [INFO] ملف السجل الكامل: /home/yazan/projects/rs-python-stream/system.log

========================================================
  RoadShield System Log
  Session started: 2026-07-06 15:08:16
========================================================
[2026-07-06 15:08:16] [EVENT] === SESSION START ===
[2026-07-06 15:08:16] [INFO] ملف السجل: ./system.log
[2026-07-06 15:08:16] [INFO] السيرفر: https://controlroom.dubibid.com
[2026-07-06 15:08:16] [INFO] المحلي:  MediaMTX ← كاميرات Hikvision
[2026-07-06 15:08:16] [INFO] ⏳ انتظار الاتصال بالإنترنت (مهلة: 120 ثانية)...
[2026-07-06 15:08:16] [INFO]    جهاز التحقق: 1.1.1.1
[2026-07-06 15:08:25] [WARN]   لا يوجد إنترنت بعد... (10/120 ثانية)
[2026-07-06 15:08:35] [WARN]   لا يوجد إنترنت بعد... (20/120 ثانية)
[2026-07-06 15:08:45] [WARN]   لا يوجد إنترنت بعد... (30/120 ثانية)
[2026-07-06 15:08:55] [WARN]   لا يوجد إنترنت بعد... (40/120 ثانية)
[2026-07-06 15:09:05] [WARN]   لا يوجد إنترنت بعد... (50/120 ثانية)
[2026-07-06 15:09:15] [WARN]   لا يوجد إنترنت بعد... (60/120 ثانية)
[2026-07-06 15:09:25] [WARN]   لا يوجد إنترنت بعد... (70/120 ثانية)
[2026-07-06 15:09:35] [WARN]   لا يوجد إنترنت بعد... (80/120 ثانية)
[2026-07-06 15:09:45] [WARN]   لا يوجد إنترنت بعد... (90/120 ثانية)
[2026-07-06 15:09:55] [WARN]   لا يوجد إنترنت بعد... (100/120 ثانية)
[2026-07-06 15:10:05] [WARN]   لا يوجد إنترنت بعد... (110/120 ثانية)
[2026-07-06 15:10:15] [ERROR] ❌ انتهت مهلة انتظار الإنترنت (120 ثانية) بدون اتصال.
[2026-07-06 15:10:15] [EVENT] INTERNET_TIMEOUT after 120s

========================================================
  RoadShield System Log
  Session started: 2026-07-06 15:10:21
========================================================
[2026-07-06 15:10:21] [EVENT] === SESSION START ===
[2026-07-06 15:10:21] [INFO] ملف السجل: ./system.log
[2026-07-06 15:10:21] [INFO] السيرفر: https://controlroom.dubibid.com
[2026-07-06 15:10:21] [INFO] المحلي:  MediaMTX ← كاميرات Hikvision
[2026-07-06 15:10:21] [INFO] ⏳ انتظار الاتصال بالإنترنت (مهلة: 120 ثانية)...
[2026-07-06 15:10:21] [INFO]    جهاز التحقق: 1.1.1.1
[2026-07-06 15:10:30] [WARN]   لا يوجد إنترنت بعد... (10/120 ثانية)
[2026-07-06 15:10:40] [WARN]   لا يوجد إنترنت بعد... (20/120 ثانية)
[2026-07-06 15:10:50] [WARN]   لا يوجد إنترنت بعد... (30/120 ثانية)
[2026-07-06 15:11:00] [WARN]   لا يوجد إنترنت بعد... (40/120 ثانية)
[2026-07-06 15:11:10] [WARN]   لا يوجد إنترنت بعد... (50/120 ثانية)
[2026-07-06 15:11:20] [WARN]   لا يوجد إنترنت بعد... (60/120 ثانية)
[2026-07-06 15:11:30] [WARN]   لا يوجد إنترنت بعد... (70/120 ثانية)
[2026-07-06 15:11:40] [WARN]   لا يوجد إنترنت بعد... (80/120 ثانية)
[2026-07-06 15:11:50] [WARN]   لا يوجد إنترنت بعد... (90/120 ثانية)
[2026-07-06 15:12:00] [WARN]   لا يوجد إنترنت بعد... (100/120 ثانية)
[2026-07-06 15:12:10] [WARN]   لا يوجد إنترنت بعد... (110/120 ثانية)
[2026-07-06 15:12:20] [ERROR] ❌ انتهت مهلة انتظار الإنترنت (120 ثانية) بدون اتصال.
[2026-07-06 15:12:20] [EVENT] INTERNET_TIMEOUT after 120s

========================================================
  RoadShield System Log
  Session started: 2026-07-06 15:12:25
========================================================
[2026-07-06 15:12:25] [EVENT] === SESSION START ===
[2026-07-06 15:12:25] [INFO] ملف السجل: ./system.log
[2026-07-06 15:12:25] [INFO] السيرفر: https://controlroom.dubibid.com
[2026-07-06 15:12:25] [INFO] المحلي:  MediaMTX ← كاميرات Hikvision
[2026-07-06 15:12:25] [INFO] ⏳ انتظار الاتصال بالإنترنت (مهلة: 120 ثانية)...
[2026-07-06 15:12:25] [INFO]    جهاز التحقق: 1.1.1.1
[2026-07-06 15:12:34] [WARN]   لا يوجد إنترنت بعد... (10/120 ثانية)
[2026-07-06 15:12:44] [WARN]   لا يوجد إنترنت بعد... (20/120 ثانية)
[2026-07-06 15:12:55] [WARN]   لا يوجد إنترنت بعد... (30/120 ثانية)
[2026-07-06 15:13:05] [WARN]   لا يوجد إنترنت بعد... (40/120 ثانية)
[2026-07-06 15:13:15] [WARN]   لا يوجد إنترنت بعد... (50/120 ثانية)
[2026-07-06 15:13:25] [WARN]   لا يوجد إنترنت بعد... (60/120 ثانية)
[2026-07-06 15:13:35] [WARN]   لا يوجد إنترنت بعد... (70/120 ثانية)
[2026-07-06 15:13:45] [WARN]   لا يوجد إنترنت بعد... (80/120 ثانية)
[2026-07-06 15:13:55] [WARN]   لا يوجد إنترنت بعد... (90/120 ثانية)
[2026-07-06 15:14:05] [WARN]   لا يوجد إنترنت بعد... (100/120 ثانية)
[2026-07-06 15:14:15] [WARN]   لا يوجد إنترنت بعد... (110/120 ثانية)
[2026-07-06 15:14:25] [ERROR] ❌ انتهت مهلة انتظار الإنترنت (120 ثانية) بدون اتصال.
[2026-07-06 15:14:25] [EVENT] INTERNET_TIMEOUT after 120s

========================================================
  RoadShield System Log
  Session started: 2026-07-06 15:14:30
========================================================
[2026-07-06 15:14:30] [EVENT] === SESSION START ===
[2026-07-06 15:14:30] [INFO] ملف السجل: ./system.log
[2026-07-06 15:14:30] [INFO] السيرفر: https://controlroom.dubibid.com
[2026-07-06 15:14:30] [INFO] المحلي:  MediaMTX ← كاميرات Hikvision
[2026-07-06 15:14:30] [INFO] ⏳ انتظار الاتصال بالإنترنت (مهلة: 120 ثانية)...
[2026-07-06 15:14:30] [INFO]    جهاز التحقق: 1.1.1.1
[2026-07-06 15:14:39] [WARN]   لا يوجد إنترنت بعد... (10/120 ثانية)
[2026-07-06 15:14:49] [WARN]   لا يوجد إنترنت بعد... (20/120 ثانية)
[2026-07-06 15:14:59] [WARN]   لا يوجد إنترنت بعد... (30/120 ثانية)
[2026-07-06 15:15:09] [WARN]   لا يوجد إنترنت بعد... (40/120 ثانية)
[2026-07-06 15:15:19] [WARN]   لا يوجد إنترنت بعد... (50/120 ثانية)
[2026-07-06 15:15:29] [WARN]   لا يوجد إنترنت بعد... (60/120 ثانية)
[2026-07-06 15:15:39] [WARN]   لا يوجد إنترنت بعد... (70/120 ثانية)
[2026-07-06 15:15:50] [WARN]   لا يوجد إنترنت بعد... (80/120 ثانية)
[2026-07-06 15:16:00] [WARN]   لا يوجد إنترنت بعد... (90/120 ثانية)
[2026-07-06 15:16:10] [WARN]   لا يوجد إنترنت بعد... (100/120 ثانية)
[2026-07-06 15:16:20] [WARN]   لا يوجد إنترنت بعد... (110/120 ثانية)
[2026-07-06 15:16:30] [ERROR] ❌ انتهت مهلة انتظار الإنترنت (120 ثانية) بدون اتصال.
[2026-07-06 15:16:30] [EVENT] INTERNET_TIMEOUT after 120s

========================================================
  RoadShield System Log
  Session started: 2026-07-06 15:16:35
========================================================
[2026-07-06 15:16:35] [EVENT] === SESSION START ===
[2026-07-06 15:16:35] [INFO] ملف السجل: ./system.log
[2026-07-06 15:16:35] [INFO] السيرفر: https://controlroom.dubibid.com
[2026-07-06 15:16:35] [INFO] المحلي:  MediaMTX ← كاميرات Hikvision
[2026-07-06 15:16:35] [INFO] ⏳ انتظار الاتصال بالإنترنت (مهلة: 120 ثانية)...
[2026-07-06 15:16:35] [INFO]    جهاز التحقق: 1.1.1.1
[2026-07-06 15:16:44] [WARN]   لا يوجد إنترنت بعد... (10/120 ثانية)
[2026-07-06 15:16:54] [WARN]   لا يوجد إنترنت بعد... (20/120 ثانية)
[2026-07-06 15:17:04] [WARN]   لا يوجد إنترنت بعد... (30/120 ثانية)

========================================================
  RoadShield System Log
  Session started: 2026-07-06 15:08:16
========================================================
[2026-07-06 15:08:16] [EVENT] === SESSION START ===
[2026-07-06 15:08:16] [INFO] ملف السجل: ./system.log
[2026-07-06 15:08:16] [INFO] السيرفر: https://controlroom.dubibid.com
[2026-07-06 15:08:16] [INFO] المحلي:  MediaMTX ← كاميرات Hikvision
[2026-07-06 15:08:16] [INFO] ⏳ انتظار الاتصال بالإنترنت (مهلة: 120 ثانية)...
[2026-07-06 15:08:16] [INFO]    جهاز التحقق: 1.1.1.1
[2026-07-06 15:08:25] [WARN]   لا يوجد إنترنت بعد... (10/120 ثانية)
[2026-07-06 15:08:29] [EVENT] ✅ تم الحصول على الإنترنت في: 2026-07-06 15:08:29 (بعد 13 ثانية من بدء التشغيل)
[2026-07-06 15:08:29] [SUCCESS] ✅ الإنترنت متاح! (13s)
[2026-07-06 15:08:29] [INFO] تشغيل MediaMTX...
[2026-07-06 15:08:30] [EVENT] MediaMTX started — PID: 2143 — Time: 2026-07-06 15:08:30
[2026-07-06 15:08:32] [INFO] MediaMTX يعمل (PID: 2143)
[2026-07-06 15:08:32] [INFO] تشغيل camera-control.py (PTZ agent)...
[2026-07-06 15:08:33] [EVENT] camera-control.py started — PID: 2173 — Time: 2026-07-06 15:08:33
[2026-07-06 15:08:33] [INFO] camera-control.py يعمل (PID: 2173)
[2026-07-06 15:08:33] [INFO] تشغيل Cloudflare Tunnel...
[2026-07-06 15:08:33] [EVENT] Cloudflare Tunnel starting — Time: 2026-07-06 15:08:33
[2026-07-06 15:08:33] [INFO] انتظار URL من Cloudflare...
[2026-07-06 15:08:39] [EVENT] Cloudflare Tunnel URL received: https://brunswick-handed-firmware-deferred.trycloudflare.com — Time: 2026-07-06 15:08:39
[2026-07-06 15:08:39] [INFO] تسجيل URL في Laravel API...
[2026-07-06 15:08:40] [SUCCESS] ✅ URL مسجّل بنجاح في Laravel!
[2026-07-06 15:08:40] [INFO]   → الكاميرات تعمل على: https://controlroom.dubibid.com/surveillance
[2026-07-06 15:08:40] [INFO] النظام يعمل. اضغط Ctrl+C للإيقاف.
[2026-07-06 15:08:40] [INFO] ملف السجل الكامل: /home/yazan/projects/rs-python-stream/system.log

========================================================
  RoadShield System Log
  Session started: 2026-07-06 17:01:14
========================================================
[2026-07-06 17:01:14] [EVENT] === SESSION START ===
[2026-07-06 17:01:14] [INFO] ملف السجل: ./system.log
[2026-07-06 17:01:14] [INFO] السيرفر: https://controlroom.dubibid.com
[2026-07-06 17:01:14] [INFO] المحلي:  MediaMTX ← كاميرات Hikvision
[2026-07-06 17:01:14] [INFO] ⏳ انتظار الاتصال بالإنترنت (مهلة: 120 ثانية)...
[2026-07-06 17:01:14] [INFO]    جهاز التحقق: 1.1.1.1
[2026-07-06 17:01:23] [WARN]   لا يوجد إنترنت بعد... (10/120 ثانية)
[2026-07-06 17:01:33] [WARN]   لا يوجد إنترنت بعد... (20/120 ثانية)
[2026-07-06 17:01:43] [WARN]   لا يوجد إنترنت بعد... (30/120 ثانية)
[2026-07-06 17:01:53] [WARN]   لا يوجد إنترنت بعد... (40/120 ثانية)
[2026-07-06 17:02:03] [WARN]   لا يوجد إنترنت بعد... (50/120 ثانية)
[2026-07-06 17:02:13] [WARN]   لا يوجد إنترنت بعد... (60/120 ثانية)
[2026-07-06 17:02:23] [WARN]   لا يوجد إنترنت بعد... (70/120 ثانية)
[2026-07-06 17:02:33] [WARN]   لا يوجد إنترنت بعد... (80/120 ثانية)
[2026-07-06 17:02:43] [WARN]   لا يوجد إنترنت بعد... (90/120 ثانية)
[2026-07-06 17:02:53] [WARN]   لا يوجد إنترنت بعد... (100/120 ثانية)
[2026-07-06 17:03:03] [WARN]   لا يوجد إنترنت بعد... (110/120 ثانية)
[2026-07-06 17:03:14] [ERROR] ❌ انتهت مهلة انتظار الإنترنت (120 ثانية) بدون اتصال.
[2026-07-06 17:03:14] [EVENT] INTERNET_TIMEOUT after 120s

========================================================
  RoadShield System Log
  Session started: 2026-07-06 17:03:19
========================================================
[2026-07-06 17:03:19] [EVENT] === SESSION START ===
[2026-07-06 17:03:19] [INFO] ملف السجل: ./system.log
[2026-07-06 17:03:19] [INFO] السيرفر: https://controlroom.dubibid.com
[2026-07-06 17:03:19] [INFO] المحلي:  MediaMTX ← كاميرات Hikvision
[2026-07-06 17:03:19] [INFO] ⏳ انتظار الاتصال بالإنترنت (مهلة: 120 ثانية)...
[2026-07-06 17:03:19] [INFO]    جهاز التحقق: 1.1.1.1
[2026-07-06 17:03:28] [WARN]   لا يوجد إنترنت بعد... (10/120 ثانية)
[2026-07-06 17:03:38] [WARN]   لا يوجد إنترنت بعد... (20/120 ثانية)
[2026-07-06 17:03:48] [WARN]   لا يوجد إنترنت بعد... (30/120 ثانية)
[2026-07-06 17:03:58] [WARN]   لا يوجد إنترنت بعد... (40/120 ثانية)
[2026-07-06 17:04:08] [WARN]   لا يوجد إنترنت بعد... (50/120 ثانية)
[2026-07-06 17:04:18] [WARN]   لا يوجد إنترنت بعد... (60/120 ثانية)
[2026-07-06 17:04:28] [WARN]   لا يوجد إنترنت بعد... (70/120 ثانية)
[2026-07-06 17:04:38] [WARN]   لا يوجد إنترنت بعد... (80/120 ثانية)
[2026-07-06 17:04:48] [WARN]   لا يوجد إنترنت بعد... (90/120 ثانية)
[2026-07-06 17:04:58] [WARN]   لا يوجد إنترنت بعد... (100/120 ثانية)
[2026-07-06 17:05:08] [WARN]   لا يوجد إنترنت بعد... (110/120 ثانية)
[2026-07-06 17:05:18] [ERROR] ❌ انتهت مهلة انتظار الإنترنت (120 ثانية) بدون اتصال.
[2026-07-06 17:05:18] [EVENT] INTERNET_TIMEOUT after 120s

========================================================
  RoadShield System Log
  Session started: 2026-07-06 17:05:23
========================================================
[2026-07-06 17:05:23] [EVENT] === SESSION START ===
[2026-07-06 17:05:23] [INFO] ملف السجل: ./system.log
[2026-07-06 17:05:23] [INFO] السيرفر: https://controlroom.dubibid.com
[2026-07-06 17:05:23] [INFO] المحلي:  MediaMTX ← كاميرات Hikvision
[2026-07-06 17:05:23] [INFO] ⏳ انتظار الاتصال بالإنترنت (مهلة: 120 ثانية)...
[2026-07-06 17:05:23] [INFO]    جهاز التحقق: 1.1.1.1
[2026-07-06 17:05:33] [WARN]   لا يوجد إنترنت بعد... (10/120 ثانية)
[2026-07-06 17:05:43] [WARN]   لا يوجد إنترنت بعد... (20/120 ثانية)
[2026-07-06 17:05:53] [WARN]   لا يوجد إنترنت بعد... (30/120 ثانية)
[2026-07-06 17:06:03] [WARN]   لا يوجد إنترنت بعد... (40/120 ثانية)

========================================================
  RoadShield System Log
  Session started: 2026-07-06 17:01:14
========================================================
[2026-07-06 17:01:14] [EVENT] === SESSION START ===
[2026-07-06 17:01:14] [INFO] ملف السجل: ./system.log
[2026-07-06 17:01:14] [INFO] السيرفر: https://controlroom.dubibid.com
[2026-07-06 17:01:14] [INFO] المحلي:  MediaMTX ← كاميرات Hikvision
[2026-07-06 17:01:14] [INFO] ⏳ انتظار الاتصال بالإنترنت (مهلة: 120 ثانية)...
[2026-07-06 17:01:14] [INFO]    جهاز التحقق: 1.1.1.1
[2026-07-06 17:01:23] [WARN]   لا يوجد إنترنت بعد... (10/120 ثانية)
[2026-07-06 17:01:33] [WARN]   لا يوجد إنترنت بعد... (20/120 ثانية)
[2026-07-06 17:01:43] [WARN]   لا يوجد إنترنت بعد... (30/120 ثانية)
[2026-07-06 17:01:53] [WARN]   لا يوجد إنترنت بعد... (40/120 ثانية)
[2026-07-06 17:02:03] [WARN]   لا يوجد إنترنت بعد... (50/120 ثانية)
[2026-07-06 17:02:13] [WARN]   لا يوجد إنترنت بعد... (60/120 ثانية)
[2026-07-06 17:02:23] [WARN]   لا يوجد إنترنت بعد... (70/120 ثانية)
[2026-07-06 17:02:33] [WARN]   لا يوجد إنترنت بعد... (80/120 ثانية)
[2026-07-06 17:02:43] [WARN]   لا يوجد إنترنت بعد... (90/120 ثانية)
[2026-07-06 17:02:53] [WARN]   لا يوجد إنترنت بعد... (100/120 ثانية)
[2026-07-06 17:03:03] [WARN]   لا يوجد إنترنت بعد... (110/120 ثانية)
[2026-07-06 17:03:13] [ERROR] ❌ انتهت مهلة انتظار الإنترنت (120 ثانية) بدون اتصال.
[2026-07-06 17:03:13] [EVENT] INTERNET_TIMEOUT after 120s

========================================================
  RoadShield System Log
  Session started: 2026-07-06 17:03:19
========================================================
[2026-07-06 17:03:19] [EVENT] === SESSION START ===
[2026-07-06 17:03:19] [INFO] ملف السجل: ./system.log
[2026-07-06 17:03:19] [INFO] السيرفر: https://controlroom.dubibid.com
[2026-07-06 17:03:19] [INFO] المحلي:  MediaMTX ← كاميرات Hikvision
[2026-07-06 17:03:19] [INFO] ⏳ انتظار الاتصال بالإنترنت (مهلة: 120 ثانية)...
[2026-07-06 17:03:19] [INFO]    جهاز التحقق: 1.1.1.1
[2026-07-06 17:03:28] [WARN]   لا يوجد إنترنت بعد... (10/120 ثانية)
[2026-07-06 17:03:38] [WARN]   لا يوجد إنترنت بعد... (20/120 ثانية)
[2026-07-06 17:03:48] [WARN]   لا يوجد إنترنت بعد... (30/120 ثانية)
[2026-07-06 17:03:58] [WARN]   لا يوجد إنترنت بعد... (40/120 ثانية)
[2026-07-06 17:04:08] [WARN]   لا يوجد إنترنت بعد... (50/120 ثانية)
[2026-07-06 17:04:18] [WARN]   لا يوجد إنترنت بعد... (60/120 ثانية)
[2026-07-06 17:04:28] [WARN]   لا يوجد إنترنت بعد... (70/120 ثانية)
[2026-07-06 17:04:38] [WARN]   لا يوجد إنترنت بعد... (80/120 ثانية)
[2026-07-06 17:04:48] [WARN]   لا يوجد إنترنت بعد... (90/120 ثانية)
[2026-07-06 17:04:58] [WARN]   لا يوجد إنترنت بعد... (100/120 ثانية)
[2026-07-06 17:05:08] [WARN]   لا يوجد إنترنت بعد... (110/120 ثانية)
[2026-07-06 17:05:18] [ERROR] ❌ انتهت مهلة انتظار الإنترنت (120 ثانية) بدون اتصال.
[2026-07-06 17:05:18] [EVENT] INTERNET_TIMEOUT after 120s

========================================================
  RoadShield System Log
  Session started: 2026-07-06 17:05:23
========================================================
[2026-07-06 17:05:23] [EVENT] === SESSION START ===
[2026-07-06 17:05:23] [INFO] ملف السجل: ./system.log
[2026-07-06 17:05:23] [INFO] السيرفر: https://controlroom.dubibid.com
[2026-07-06 17:05:23] [INFO] المحلي:  MediaMTX ← كاميرات Hikvision
[2026-07-06 17:05:23] [INFO] ⏳ انتظار الاتصال بالإنترنت (مهلة: 120 ثانية)...
[2026-07-06 17:05:23] [INFO]    جهاز التحقق: 1.1.1.1
[2026-07-06 17:05:32] [WARN]   لا يوجد إنترنت بعد... (10/120 ثانية)
[2026-07-06 17:05:43] [WARN]   لا يوجد إنترنت بعد... (20/120 ثانية)
[2026-07-06 17:05:53] [WARN]   لا يوجد إنترنت بعد... (30/120 ثانية)
[2026-07-06 17:06:03] [WARN]   لا يوجد إنترنت بعد... (40/120 ثانية)
[2026-07-06 17:06:13] [WARN]   لا يوجد إنترنت بعد... (50/120 ثانية)
[2026-07-06 17:06:23] [WARN]   لا يوجد إنترنت بعد... (60/120 ثانية)
[2026-07-06 17:06:33] [WARN]   لا يوجد إنترنت بعد... (70/120 ثانية)
[2026-07-06 17:06:43] [WARN]   لا يوجد إنترنت بعد... (80/120 ثانية)
[2026-07-06 17:06:53] [WARN]   لا يوجد إنترنت بعد... (90/120 ثانية)
[2026-07-06 17:07:03] [WARN]   لا يوجد إنترنت بعد... (100/120 ثانية)
[2026-07-06 17:07:13] [WARN]   لا يوجد إنترنت بعد... (110/120 ثانية)
[2026-07-06 17:07:23] [ERROR] ❌ انتهت مهلة انتظار الإنترنت (120 ثانية) بدون اتصال.
[2026-07-06 17:07:23] [EVENT] INTERNET_TIMEOUT after 120s

========================================================
  RoadShield System Log
  Session started: 2026-07-06 17:07:28
========================================================
[2026-07-06 17:07:28] [EVENT] === SESSION START ===
[2026-07-06 17:07:28] [INFO] ملف السجل: ./system.log
[2026-07-06 17:07:28] [INFO] السيرفر: https://controlroom.dubibid.com
[2026-07-06 17:07:28] [INFO] المحلي:  MediaMTX ← كاميرات Hikvision
[2026-07-06 17:07:28] [INFO] ⏳ انتظار الاتصال بالإنترنت (مهلة: 120 ثانية)...
[2026-07-06 17:07:28] [INFO]    جهاز التحقق: 1.1.1.1
[2026-07-06 17:07:37] [WARN]   لا يوجد إنترنت بعد... (10/120 ثانية)
[2026-07-06 17:07:47] [WARN]   لا يوجد إنترنت بعد... (20/120 ثانية)
[2026-07-06 17:07:57] [WARN]   لا يوجد إنترنت بعد... (30/120 ثانية)
[2026-07-06 17:08:07] [WARN]   لا يوجد إنترنت بعد... (40/120 ثانية)
[2026-07-06 17:08:17] [WARN]   لا يوجد إنترنت بعد... (50/120 ثانية)
[2026-07-06 17:08:27] [WARN]   لا يوجد إنترنت بعد... (60/120 ثانية)
[2026-07-06 17:08:38] [WARN]   لا يوجد إنترنت بعد... (70/120 ثانية)
[2026-07-06 17:08:48] [WARN]   لا يوجد إنترنت بعد... (80/120 ثانية)
[2026-07-06 17:08:58] [WARN]   لا يوجد إنترنت بعد... (90/120 ثانية)
[2026-07-06 17:09:08] [WARN]   لا يوجد إنترنت بعد... (100/120 ثانية)
[2026-07-06 17:09:18] [WARN]   لا يوجد إنترنت بعد... (110/120 ثانية)
[2026-07-06 17:09:28] [ERROR] ❌ انتهت مهلة انتظار الإنترنت (120 ثانية) بدون اتصال.
[2026-07-06 17:09:28] [EVENT] INTERNET_TIMEOUT after 120s

========================================================
  RoadShield System Log
  Session started: 2026-07-06 17:09:33
========================================================
[2026-07-06 17:09:33] [EVENT] === SESSION START ===
[2026-07-06 17:09:33] [INFO] ملف السجل: ./system.log
[2026-07-06 17:09:33] [INFO] السيرفر: https://controlroom.dubibid.com
[2026-07-06 17:09:33] [INFO] المحلي:  MediaMTX ← كاميرات Hikvision
[2026-07-06 17:09:33] [INFO] ⏳ انتظار الاتصال بالإنترنت (مهلة: 120 ثانية)...
[2026-07-06 17:09:33] [INFO]    جهاز التحقق: 1.1.1.1
[2026-07-06 17:09:42] [WARN]   لا يوجد إنترنت بعد... (10/120 ثانية)
[2026-07-06 17:09:52] [WARN]   لا يوجد إنترنت بعد... (20/120 ثانية)
[2026-07-06 17:10:02] [WARN]   لا يوجد إنترنت بعد... (30/120 ثانية)
[2026-07-06 17:10:12] [WARN]   لا يوجد إنترنت بعد... (40/120 ثانية)
[2026-07-06 17:10:22] [WARN]   لا يوجد إنترنت بعد... (50/120 ثانية)
[2026-07-06 17:10:32] [WARN]   لا يوجد إنترنت بعد... (60/120 ثانية)
[2026-07-06 17:10:42] [WARN]   لا يوجد إنترنت بعد... (70/120 ثانية)
[2026-07-06 17:10:52] [WARN]   لا يوجد إنترنت بعد... (80/120 ثانية)
[2026-07-06 17:11:02] [WARN]   لا يوجد إنترنت بعد... (90/120 ثانية)
[2026-07-06 17:11:12] [WARN]   لا يوجد إنترنت بعد... (100/120 ثانية)
[2026-07-06 17:11:22] [WARN]   لا يوجد إنترنت بعد... (110/120 ثانية)
[2026-07-06 17:11:33] [ERROR] ❌ انتهت مهلة انتظار الإنترنت (120 ثانية) بدون اتصال.
[2026-07-06 17:11:33] [EVENT] INTERNET_TIMEOUT after 120s

========================================================
  RoadShield System Log
  Session started: 2026-07-06 17:11:38
========================================================
[2026-07-06 17:11:38] [EVENT] === SESSION START ===
[2026-07-06 17:11:38] [INFO] ملف السجل: ./system.log
[2026-07-06 17:11:38] [INFO] السيرفر: https://controlroom.dubibid.com
[2026-07-06 17:11:38] [INFO] المحلي:  MediaMTX ← كاميرات Hikvision
[2026-07-06 17:11:38] [INFO] ⏳ انتظار الاتصال بالإنترنت (مهلة: 120 ثانية)...
[2026-07-06 17:11:38] [INFO]    جهاز التحقق: 1.1.1.1
[2026-07-06 17:11:47] [WARN]   لا يوجد إنترنت بعد... (10/120 ثانية)
[2026-07-06 17:11:57] [WARN]   لا يوجد إنترنت بعد... (20/120 ثانية)
[2026-07-06 17:12:07] [WARN]   لا يوجد إنترنت بعد... (30/120 ثانية)
[2026-07-06 17:12:17] [WARN]   لا يوجد إنترنت بعد... (40/120 ثانية)
[2026-07-06 17:12:27] [WARN]   لا يوجد إنترنت بعد... (50/120 ثانية)
[2026-07-06 17:12:37] [WARN]   لا يوجد إنترنت بعد... (60/120 ثانية)
[2026-07-06 17:12:47] [WARN]   لا يوجد إنترنت بعد... (70/120 ثانية)
[2026-07-06 17:12:57] [WARN]   لا يوجد إنترنت بعد... (80/120 ثانية)
[2026-07-06 17:13:07] [WARN]   لا يوجد إنترنت بعد... (90/120 ثانية)
[2026-07-06 17:13:17] [WARN]   لا يوجد إنترنت بعد... (100/120 ثانية)
[2026-07-06 17:13:27] [WARN]   لا يوجد إنترنت بعد... (110/120 ثانية)
[2026-07-06 17:13:37] [ERROR] ❌ انتهت مهلة انتظار الإنترنت (120 ثانية) بدون اتصال.
[2026-07-06 17:13:37] [EVENT] INTERNET_TIMEOUT after 120s

========================================================
  RoadShield System Log
  Session started: 2026-07-06 17:13:42
========================================================
[2026-07-06 17:13:42] [EVENT] === SESSION START ===
[2026-07-06 17:13:42] [INFO] ملف السجل: ./system.log
[2026-07-06 17:13:42] [INFO] السيرفر: https://controlroom.dubibid.com
[2026-07-06 17:13:42] [INFO] المحلي:  MediaMTX ← كاميرات Hikvision
[2026-07-06 17:13:42] [INFO] ⏳ انتظار الاتصال بالإنترنت (مهلة: 120 ثانية)...
[2026-07-06 17:13:42] [INFO]    جهاز التحقق: 1.1.1.1
[2026-07-06 17:13:51] [WARN]   لا يوجد إنترنت بعد... (10/120 ثانية)
[2026-07-06 17:14:02] [WARN]   لا يوجد إنترنت بعد... (20/120 ثانية)
[2026-07-06 17:14:12] [WARN]   لا يوجد إنترنت بعد... (30/120 ثانية)
[2026-07-06 17:14:22] [WARN]   لا يوجد إنترنت بعد... (40/120 ثانية)
[2026-07-06 17:14:32] [WARN]   لا يوجد إنترنت بعد... (50/120 ثانية)
[2026-07-06 17:14:42] [WARN]   لا يوجد إنترنت بعد... (60/120 ثانية)
[2026-07-06 17:14:52] [WARN]   لا يوجد إنترنت بعد... (70/120 ثانية)
[2026-07-06 17:15:02] [WARN]   لا يوجد إنترنت بعد... (80/120 ثانية)
[2026-07-06 17:15:12] [WARN]   لا يوجد إنترنت بعد... (90/120 ثانية)
[2026-07-06 17:15:22] [WARN]   لا يوجد إنترنت بعد... (100/120 ثانية)
[2026-07-06 17:15:32] [WARN]   لا يوجد إنترنت بعد... (110/120 ثانية)
[2026-07-06 17:15:42] [ERROR] ❌ انتهت مهلة انتظار الإنترنت (120 ثانية) بدون اتصال.
[2026-07-06 17:15:42] [EVENT] INTERNET_TIMEOUT after 120s

========================================================
  RoadShield System Log
  Session started: 2026-07-06 17:15:47
========================================================
[2026-07-06 17:15:47] [EVENT] === SESSION START ===
[2026-07-06 17:15:47] [INFO] ملف السجل: ./system.log
[2026-07-06 17:15:47] [INFO] السيرفر: https://controlroom.dubibid.com
[2026-07-06 17:15:47] [INFO] المحلي:  MediaMTX ← كاميرات Hikvision
[2026-07-06 17:15:47] [INFO] ⏳ انتظار الاتصال بالإنترنت (مهلة: 120 ثانية)...
[2026-07-06 17:15:47] [INFO]    جهاز التحقق: 1.1.1.1
[2026-07-06 17:15:56] [WARN]   لا يوجد إنترنت بعد... (10/120 ثانية)
[2026-07-06 17:16:06] [WARN]   لا يوجد إنترنت بعد... (20/120 ثانية)
[2026-07-06 17:16:16] [WARN]   لا يوجد إنترنت بعد... (30/120 ثانية)
[2026-07-06 17:16:26] [WARN]   لا يوجد إنترنت بعد... (40/120 ثانية)
[2026-07-06 17:16:36] [WARN]   لا يوجد إنترنت بعد... (50/120 ثانية)
[2026-07-06 17:16:46] [WARN]   لا يوجد إنترنت بعد... (60/120 ثانية)
[2026-07-06 17:16:57] [WARN]   لا يوجد إنترنت بعد... (70/120 ثانية)
[2026-07-06 17:17:07] [WARN]   لا يوجد إنترنت بعد... (80/120 ثانية)
[2026-07-06 17:17:17] [WARN]   لا يوجد إنترنت بعد... (90/120 ثانية)
[2026-07-06 17:17:27] [WARN]   لا يوجد إنترنت بعد... (100/120 ثانية)
[2026-07-06 17:17:37] [WARN]   لا يوجد إنترنت بعد... (110/120 ثانية)
[2026-07-06 17:17:47] [ERROR] ❌ انتهت مهلة انتظار الإنترنت (120 ثانية) بدون اتصال.
[2026-07-06 17:17:47] [EVENT] INTERNET_TIMEOUT after 120s

========================================================
  RoadShield System Log
  Session started: 2026-07-06 17:17:52
========================================================
[2026-07-06 17:17:52] [EVENT] === SESSION START ===
[2026-07-06 17:17:52] [INFO] ملف السجل: ./system.log
[2026-07-06 17:17:52] [INFO] السيرفر: https://controlroom.dubibid.com
[2026-07-06 17:17:52] [INFO] المحلي:  MediaMTX ← كاميرات Hikvision
[2026-07-06 17:17:52] [INFO] ⏳ انتظار الاتصال بالإنترنت (مهلة: 120 ثانية)...
[2026-07-06 17:17:52] [INFO]    جهاز التحقق: 1.1.1.1
[2026-07-06 17:18:01] [WARN]   لا يوجد إنترنت بعد... (10/120 ثانية)

========================================================
  RoadShield System Log
  Session started: 2026-07-06 17:01:14
========================================================
[2026-07-06 17:01:14] [EVENT] === SESSION START ===
[2026-07-06 17:01:14] [INFO] ملف السجل: ./system.log
[2026-07-06 17:01:14] [INFO] السيرفر: https://controlroom.dubibid.com
[2026-07-06 17:01:14] [INFO] المحلي:  MediaMTX ← كاميرات Hikvision
[2026-07-06 17:01:14] [INFO] ⏳ انتظار الاتصال بالإنترنت (مهلة: 120 ثانية)...
[2026-07-06 17:01:14] [INFO]    جهاز التحقق: 1.1.1.1
[2026-07-06 17:01:23] [WARN]   لا يوجد إنترنت بعد... (10/120 ثانية)
[2026-07-06 17:01:33] [WARN]   لا يوجد إنترنت بعد... (20/120 ثانية)
[2026-07-06 17:01:43] [WARN]   لا يوجد إنترنت بعد... (30/120 ثانية)
[2026-07-06 17:01:53] [WARN]   لا يوجد إنترنت بعد... (40/120 ثانية)
[2026-07-06 17:02:03] [WARN]   لا يوجد إنترنت بعد... (50/120 ثانية)
[2026-07-06 17:02:13] [WARN]   لا يوجد إنترنت بعد... (60/120 ثانية)
[2026-07-06 17:02:23] [WARN]   لا يوجد إنترنت بعد... (70/120 ثانية)
[2026-07-06 17:02:33] [WARN]   لا يوجد إنترنت بعد... (80/120 ثانية)
[2026-07-06 17:02:43] [WARN]   لا يوجد إنترنت بعد... (90/120 ثانية)
[2026-07-06 17:02:54] [WARN]   لا يوجد إنترنت بعد... (100/120 ثانية)
[2026-07-06 17:03:04] [WARN]   لا يوجد إنترنت بعد... (110/120 ثانية)
[2026-07-06 17:03:14] [ERROR] ❌ انتهت مهلة انتظار الإنترنت (120 ثانية) بدون اتصال.
[2026-07-06 17:03:14] [EVENT] INTERNET_TIMEOUT after 120s

========================================================
  RoadShield System Log
  Session started: 2026-07-06 17:03:19
========================================================
[2026-07-06 17:03:19] [EVENT] === SESSION START ===
[2026-07-06 17:03:19] [INFO] ملف السجل: ./system.log
[2026-07-06 17:03:19] [INFO] السيرفر: https://controlroom.dubibid.com
[2026-07-06 17:03:19] [INFO] المحلي:  MediaMTX ← كاميرات Hikvision
[2026-07-06 17:03:19] [INFO] ⏳ انتظار الاتصال بالإنترنت (مهلة: 120 ثانية)...
[2026-07-06 17:03:19] [INFO]    جهاز التحقق: 1.1.1.1
[2026-07-06 17:03:28] [WARN]   لا يوجد إنترنت بعد... (10/120 ثانية)
[2026-07-06 17:03:38] [WARN]   لا يوجد إنترنت بعد... (20/120 ثانية)
[2026-07-06 17:03:48] [WARN]   لا يوجد إنترنت بعد... (30/120 ثانية)
[2026-07-06 17:03:58] [WARN]   لا يوجد إنترنت بعد... (40/120 ثانية)
[2026-07-06 17:04:08] [WARN]   لا يوجد إنترنت بعد... (50/120 ثانية)
[2026-07-06 17:04:18] [WARN]   لا يوجد إنترنت بعد... (60/120 ثانية)
[2026-07-06 17:04:28] [WARN]   لا يوجد إنترنت بعد... (70/120 ثانية)

========================================================
  RoadShield System Log
  Session started: 2026-07-06 17:01:14
========================================================
[2026-07-06 17:01:14] [EVENT] === SESSION START ===
[2026-07-06 17:01:14] [INFO] ملف السجل: ./system.log
[2026-07-06 17:01:14] [INFO] السيرفر: https://controlroom.dubibid.com
[2026-07-06 17:01:14] [INFO] المحلي:  MediaMTX ← كاميرات Hikvision
[2026-07-06 17:01:14] [INFO] ⏳ انتظار الاتصال بالإنترنت (مهلة: 120 ثانية)...
[2026-07-06 17:01:14] [INFO]    جهاز التحقق: 1.1.1.1
[2026-07-06 17:01:23] [WARN]   لا يوجد إنترنت بعد... (10/120 ثانية)
[2026-07-06 17:01:37] [WARN]   لا يوجد إنترنت بعد... (20/120 ثانية)
[2026-07-06 17:01:53] [WARN]   لا يوجد إنترنت بعد... (30/120 ثانية)
[2026-07-06 17:02:11] [WARN]   لا يوجد إنترنت بعد... (40/120 ثانية)
[2026-07-06 17:02:27] [WARN]   لا يوجد إنترنت بعد... (50/120 ثانية)
[2026-07-06 17:02:37] [EVENT] ✅ تم الحصول على الإنترنت في: 2026-07-06 17:02:37 (بعد 57 ثانية من بدء التشغيل)
[2026-07-06 17:02:37] [SUCCESS] ✅ الإنترنت متاح! (57s)
[2026-07-06 17:02:37] [INFO] تشغيل MediaMTX...
[2026-07-06 17:02:38] [EVENT] MediaMTX started — PID: 2326 — Time: 2026-07-06 17:02:38
[2026-07-06 17:02:40] [INFO] MediaMTX يعمل (PID: 2326)
[2026-07-06 17:02:40] [INFO] تشغيل camera-control.py (PTZ agent)...
[2026-07-06 17:02:41] [EVENT] camera-control.py started — PID: 2344 — Time: 2026-07-06 17:02:41
[2026-07-06 17:02:41] [INFO] camera-control.py يعمل (PID: 2344)
[2026-07-06 17:02:41] [INFO] تشغيل Cloudflare Tunnel...
[2026-07-06 17:02:41] [EVENT] Cloudflare Tunnel starting — Time: 2026-07-06 17:02:41
[2026-07-06 17:02:41] [INFO] انتظار URL من Cloudflare...
[2026-07-06 18:01:09] [EVENT] Cloudflare Tunnel URL received: https://bookstore-knit-walnut-contracts.trycloudflare.com — Time: 2026-07-06 18:01:09
[2026-07-06 18:01:09] [INFO] تسجيل URL في Laravel API...
[2026-07-06 18:01:09] [SUCCESS] ✅ URL مسجّل بنجاح في Laravel!
[2026-07-06 18:01:09] [INFO]   → الكاميرات تعمل على: https://controlroom.dubibid.com/surveillance
[2026-07-06 18:01:09] [INFO] النظام يعمل. اضغط Ctrl+C للإيقاف.
[2026-07-06 18:01:09] [INFO] ملف السجل الكامل: /home/yazan/projects/rs-python-stream/system.log

========================================================
  RoadShield System Log
  Session started: 2026-07-07 04:58:48
========================================================
[2026-07-07 04:58:48] [EVENT] === SESSION START ===
[2026-07-07 04:58:48] [INFO] ملف السجل: ./system.log
[2026-07-07 04:58:48] [INFO] السيرفر: https://controlroom.dubibid.com
[2026-07-07 04:58:48] [INFO] المحلي:  MediaMTX ← كاميرات Hikvision
[2026-07-07 04:58:48] [INFO] ⏳ انتظار الاتصال بالإنترنت (مهلة: 120 ثانية)...
[2026-07-07 04:58:48] [INFO]    جهاز التحقق: 1.1.1.1
[2026-07-07 04:58:58] [WARN]   لا يوجد إنترنت بعد... (10/120 ثانية)
[2026-07-07 04:59:12] [WARN]   لا يوجد إنترنت بعد... (20/120 ثانية)
[2026-07-07 04:59:30] [WARN]   لا يوجد إنترنت بعد... (30/120 ثانية)
[2026-07-07 04:59:46] [WARN]   لا يوجد إنترنت بعد... (40/120 ثانية)
[2026-07-07 05:00:02] [WARN]   لا يوجد إنترنت بعد... (50/120 ثانية)
[2026-07-07 05:00:14] [EVENT] ✅ تم الحصول على الإنترنت في: 2026-07-07 05:00:14 (بعد 57 ثانية من بدء التشغيل)
[2026-07-07 05:00:14] [SUCCESS] ✅ الإنترنت متاح! (57s)
[2026-07-07 05:00:14] [INFO] تشغيل MediaMTX...
[2026-07-07 05:00:15] [EVENT] MediaMTX started — PID: 2229 — Time: 2026-07-07 05:00:15
[2026-07-07 05:00:17] [INFO] MediaMTX يعمل (PID: 2229)
[2026-07-07 05:00:17] [INFO] تشغيل camera-control.py (PTZ agent)...
[2026-07-08 21:25:05] [EVENT] camera-control.py started — PID: 2245 — Time: 2026-07-08 21:25:05
[2026-07-08 21:25:05] [INFO] camera-control.py يعمل (PID: 2245)
[2026-07-08 21:25:05] [INFO] تشغيل Cloudflare Tunnel...
[2026-07-08 21:25:05] [EVENT] Cloudflare Tunnel starting — Time: 2026-07-08 21:25:05
[2026-07-08 21:25:05] [INFO] انتظار URL من Cloudflare...
[2026-07-08 21:25:14] [EVENT] Cloudflare Tunnel URL received: https://rat-roulette-familiar-faces.trycloudflare.com — Time: 2026-07-08 21:25:14
[2026-07-08 21:25:14] [INFO] تسجيل URL في Laravel API...
[2026-07-08 21:25:18] [SUCCESS] ✅ URL مسجّل بنجاح في Laravel!
[2026-07-08 21:25:18] [INFO]   → الكاميرات تعمل على: https://controlroom.dubibid.com/surveillance
[2026-07-08 21:25:18] [INFO] النظام يعمل. اضغط Ctrl+C للإيقاف.
[2026-07-08 21:25:18] [INFO] ملف السجل الكامل: /home/yazan/projects/rs-python-stream/system.log

========================================================
  RoadShield System Log
  Session started: 2026-07-08 21:25:42
========================================================
[2026-07-08 21:25:42] [EVENT] === SESSION START ===
[2026-07-08 21:25:42] [INFO] ملف السجل: ./system.log
[2026-07-08 21:25:42] [INFO] السيرفر: https://controlroom.dubibid.com
[2026-07-08 21:25:42] [INFO] المحلي:  MediaMTX ← كاميرات Hikvision
[2026-07-08 21:25:42] [INFO] ⏳ انتظار الاتصال بالإنترنت (مهلة: 120 ثانية)...
[2026-07-08 21:25:42] [INFO]    جهاز التحقق: 1.1.1.1
[2026-07-08 21:25:51] [WARN]   لا يوجد إنترنت بعد... (10/120 ثانية)
[2026-07-08 21:26:03] [WARN]   لا يوجد إنترنت بعد... (20/120 ثانية)
[2026-07-08 21:26:21] [WARN]   لا يوجد إنترنت بعد... (30/120 ثانية)
[2026-07-08 21:26:39] [WARN]   لا يوجد إنترنت بعد... (40/120 ثانية)
[2026-07-08 21:26:55] [WARN]   لا يوجد إنترنت بعد... (50/120 ثانية)
[2026-07-08 21:27:01] [EVENT] ✅ تم الحصول على الإنترنت في: 2026-07-08 21:27:01 (بعد 55 ثانية من بدء التشغيل)
[2026-07-08 21:27:01] [SUCCESS] ✅ الإنترنت متاح! (55s)
[2026-07-08 21:27:01] [INFO] تشغيل MediaMTX...
[2026-07-08 21:27:02] [EVENT] MediaMTX started — PID: 2225 — Time: 2026-07-08 21:27:02
[2026-07-08 21:27:04] [INFO] MediaMTX يعمل (PID: 2225)
[2026-07-08 21:27:04] [INFO] تشغيل camera-control.py (PTZ agent)...
[2026-07-08 21:27:05] [EVENT] camera-control.py started — PID: 2243 — Time: 2026-07-08 21:27:05
[2026-07-08 21:27:05] [INFO] camera-control.py يعمل (PID: 2243)
[2026-07-08 21:27:05] [INFO] تشغيل Cloudflare Tunnel...
[2026-07-08 21:27:05] [EVENT] Cloudflare Tunnel starting — Time: 2026-07-08 21:27:05
[2026-07-08 21:27:05] [INFO] انتظار URL من Cloudflare...
[2026-07-08 22:03:04] [EVENT] Cloudflare Tunnel URL received: https://annually-seeing-sitemap-claimed.trycloudflare.com — Time: 2026-07-08 22:03:04
[2026-07-08 22:03:04] [INFO] تسجيل URL في Laravel API...
[2026-07-08 22:03:04] [SUCCESS] ✅ URL مسجّل بنجاح في Laravel!
[2026-07-08 22:03:04] [INFO]   → الكاميرات تعمل على: https://controlroom.dubibid.com/surveillance
[2026-07-08 22:03:04] [INFO] النظام يعمل. اضغط Ctrl+C للإيقاف.
[2026-07-08 22:03:04] [INFO] ملف السجل الكامل: /home/yazan/projects/rs-python-stream/system.log

========================================================
  RoadShield System Log
  Session started: 2026-07-08 22:11:21
========================================================
[2026-07-08 22:11:21] [EVENT] === SESSION START ===
[2026-07-08 22:11:21] [INFO] ملف السجل: ./system.log
[2026-07-08 22:11:21] [INFO] السيرفر: https://controlroom.dubibid.com
[2026-07-08 22:11:21] [INFO] المحلي:  MediaMTX ← كاميرات Hikvision
[2026-07-08 22:11:21] [INFO] ⏳ انتظار الاتصال بالإنترنت (مهلة: 120 ثانية)...
[2026-07-08 22:11:21] [INFO]    جهاز التحقق: 1.1.1.1
[2026-07-08 22:11:30] [WARN]   لا يوجد إنترنت بعد... (10/120 ثانية)
[2026-07-08 22:11:44] [WARN]   لا يوجد إنترنت بعد... (20/120 ثانية)
[2026-07-08 22:12:02] [WARN]   لا يوجد إنترنت بعد... (30/120 ثانية)
[2026-07-08 22:12:20] [WARN]   لا يوجد إنترنت بعد... (40/120 ثانية)
[2026-07-08 22:12:34] [WARN]   لا يوجد إنترنت بعد... (50/120 ثانية)
[2026-07-08 22:12:41] [EVENT] ✅ تم الحصول على الإنترنت في: 2026-07-08 22:12:41 (بعد 55 ثانية من بدء التشغيل)
[2026-07-08 22:12:41] [SUCCESS] ✅ الإنترنت متاح! (55s)
[2026-07-08 22:12:41] [INFO] تشغيل MediaMTX...
[2026-07-08 22:12:42] [EVENT] MediaMTX started — PID: 2219 — Time: 2026-07-08 22:12:42
[2026-07-08 22:12:44] [INFO] MediaMTX يعمل (PID: 2219)
[2026-07-08 22:12:44] [INFO] تشغيل camera-control.py (PTZ agent)...
[2026-07-08 22:12:45] [EVENT] camera-control.py started — PID: 2237 — Time: 2026-07-08 22:12:45
[2026-07-08 22:12:45] [INFO] camera-control.py يعمل (PID: 2237)
[2026-07-08 22:12:45] [INFO] تشغيل Cloudflare Tunnel...
[2026-07-08 22:12:45] [EVENT] Cloudflare Tunnel starting — Time: 2026-07-08 22:12:45
[2026-07-08 22:12:45] [INFO] انتظار URL من Cloudflare...
[2026-07-09 06:49:48] [EVENT] Cloudflare Tunnel URL received: https://contractors-width-audience-optional.trycloudflare.com — Time: 2026-07-09 06:49:48
[2026-07-09 06:49:48] [INFO] تسجيل URL في Laravel API...
[2026-07-09 06:49:48] [SUCCESS] ✅ URL مسجّل بنجاح في Laravel!
[2026-07-09 06:49:48] [INFO]   → الكاميرات تعمل على: https://controlroom.dubibid.com/surveillance
[2026-07-09 06:49:48] [INFO] النظام يعمل. اضغط Ctrl+C للإيقاف.
[2026-07-09 06:49:48] [INFO] ملف السجل الكامل: /home/yazan/projects/rs-python-stream/system.log

========================================================
  RoadShield System Log
  Session started: 2026-07-09 08:31:54
========================================================
[2026-07-09 08:31:54] [EVENT] === SESSION START ===
[2026-07-09 08:31:54] [INFO] ملف السجل: ./system.log
[2026-07-09 08:31:54] [INFO] السيرفر: https://controlroom.dubibid.com
[2026-07-09 08:31:54] [INFO] المحلي:  MediaMTX ← كاميرات Hikvision
[2026-07-09 08:31:54] [INFO] ⏳ انتظار الاتصال بالإنترنت (مهلة: 120 ثانية)...
[2026-07-09 08:31:54] [INFO]    جهاز التحقق: 1.1.1.1
[2026-07-09 08:32:03] [WARN]   لا يوجد إنترنت بعد... (10/120 ثانية)
[2026-07-09 08:32:15] [WARN]   لا يوجد إنترنت بعد... (20/120 ثانية)
[2026-07-09 08:32:33] [WARN]   لا يوجد إنترنت بعد... (30/120 ثانية)
[2026-07-09 08:32:51] [WARN]   لا يوجد إنترنت بعد... (40/120 ثانية)
[2026-07-09 08:33:05] [WARN]   لا يوجد إنترنت بعد... (50/120 ثانية)
[2026-07-09 08:33:12] [EVENT] ✅ تم الحصول على الإنترنت في: 2026-07-09 08:33:12 (بعد 56 ثانية من بدء التشغيل)
[2026-07-09 08:33:12] [SUCCESS] ✅ الإنترنت متاح! (56s)
[2026-07-09 08:33:12] [INFO] تشغيل MediaMTX...
[2026-07-09 08:33:13] [EVENT] MediaMTX started — PID: 2226 — Time: 2026-07-09 08:33:13
[2026-07-09 08:33:15] [INFO] MediaMTX يعمل (PID: 2226)
[2026-07-09 08:33:15] [INFO] تشغيل camera-control.py (PTZ agent)...
[2026-07-09 08:33:16] [EVENT] camera-control.py started — PID: 2245 — Time: 2026-07-09 08:33:16
[2026-07-09 08:33:16] [INFO] camera-control.py يعمل (PID: 2245)
[2026-07-09 08:33:16] [INFO] تشغيل Cloudflare Tunnel...
[2026-07-09 08:33:16] [EVENT] Cloudflare Tunnel starting — Time: 2026-07-09 08:33:16
[2026-07-09 08:33:16] [INFO] انتظار URL من Cloudflare...
[2026-07-09 15:22:07] [EVENT] Cloudflare Tunnel URL received: https://notebooks-taylor-rio-eric.trycloudflare.com — Time: 2026-07-09 15:22:07
[2026-07-09 15:22:07] [INFO] تسجيل URL في Laravel API...
[2026-07-09 15:22:08] [SUCCESS] ✅ URL مسجّل بنجاح في Laravel!
[2026-07-09 15:22:08] [INFO]   → الكاميرات تعمل على: https://controlroom.dubibid.com/surveillance
[2026-07-09 15:22:08] [INFO] النظام يعمل. اضغط Ctrl+C للإيقاف.
[2026-07-09 15:22:08] [INFO] ملف السجل الكامل: /home/yazan/projects/rs-python-stream/system.log

========================================================
  RoadShield System Log
  Session started: 2026-07-09 16:29:56
========================================================
[2026-07-09 16:29:56] [EVENT] === SESSION START ===
[2026-07-09 16:29:56] [INFO] ملف السجل: ./system.log
[2026-07-09 16:29:56] [INFO] السيرفر: https://controlroom.dubibid.com
[2026-07-09 16:29:56] [INFO] المحلي:  MediaMTX ← كاميرات Hikvision
[2026-07-09 16:29:56] [INFO] ⏳ انتظار الاتصال بالإنترنت (مهلة: 120 ثانية)...
[2026-07-09 16:29:56] [INFO]    جهاز التحقق: 1.1.1.1
[2026-07-09 16:30:05] [WARN]   لا يوجد إنترنت بعد... (10/120 ثانية)
[2026-07-09 16:30:21] [WARN]   لا يوجد إنترنت بعد... (20/120 ثانية)
[2026-07-09 16:30:39] [WARN]   لا يوجد إنترنت بعد... (30/120 ثانية)
[2026-07-09 16:30:55] [WARN]   لا يوجد إنترنت بعد... (40/120 ثانية)
[2026-07-09 16:31:11] [WARN]   لا يوجد إنترنت بعد... (50/120 ثانية)
[2026-07-09 16:31:24] [EVENT] ✅ تم الحصول على الإنترنت في: 2026-07-09 16:31:24 (بعد 58 ثانية من بدء التشغيل)
[2026-07-09 16:31:24] [SUCCESS] ✅ الإنترنت متاح! (58s)
[2026-07-09 16:31:24] [INFO] تشغيل MediaMTX...
[2026-07-09 16:31:25] [EVENT] MediaMTX started — PID: 2232 — Time: 2026-07-09 16:31:25
[2026-07-09 16:31:27] [INFO] MediaMTX يعمل (PID: 2232)
[2026-07-09 16:31:27] [INFO] تشغيل camera-control.py (PTZ agent)...
[2026-07-09 16:31:28] [EVENT] camera-control.py started — PID: 2250 — Time: 2026-07-09 16:31:28
[2026-07-09 16:31:28] [INFO] camera-control.py يعمل (PID: 2250)
[2026-07-09 16:31:28] [INFO] تشغيل Cloudflare Tunnel...
[2026-07-09 16:31:28] [EVENT] Cloudflare Tunnel starting — Time: 2026-07-09 16:31:28
[2026-07-09 16:31:28] [INFO] انتظار URL من Cloudflare...
[2026-07-09 17:15:54] [EVENT] Cloudflare Tunnel URL received: https://neon-biol-imagine-villages.trycloudflare.com — Time: 2026-07-09 17:15:54
[2026-07-09 17:15:54] [INFO] تسجيل URL في Laravel API...
[2026-07-09 17:15:54] [SUCCESS] ✅ URL مسجّل بنجاح في Laravel!
[2026-07-09 17:15:54] [INFO]   → الكاميرات تعمل على: https://controlroom.dubibid.com/surveillance
[2026-07-09 17:15:54] [INFO] النظام يعمل. اضغط Ctrl+C للإيقاف.
[2026-07-09 17:15:54] [INFO] ملف السجل الكامل: /home/yazan/projects/rs-python-stream/system.log

========================================================
  RoadShield System Log
  Session started: 2026-07-09 18:57:43
========================================================
[2026-07-09 18:57:43] [EVENT] === SESSION START ===
[2026-07-09 18:57:43] [INFO] ملف السجل: ./system.log
[2026-07-09 18:57:43] [INFO] السيرفر: https://controlroom.dubibid.com
[2026-07-09 18:57:43] [INFO] المحلي:  MediaMTX ← كاميرات Hikvision
[2026-07-09 18:57:43] [INFO] ⏳ انتظار الاتصال بالإنترنت (مهلة: 120 ثانية)...
[2026-07-09 18:57:43] [INFO]    جهاز التحقق: 1.1.1.1
[2026-07-09 18:57:52] [WARN]   لا يوجد إنترنت بعد... (10/120 ثانية)
[2026-07-09 18:58:04] [WARN]   لا يوجد إنترنت بعد... (20/120 ثانية)
[2026-07-09 18:58:22] [WARN]   لا يوجد إنترنت بعد... (30/120 ثانية)
[2026-07-09 18:58:38] [WARN]   لا يوجد إنترنت بعد... (40/120 ثانية)
[2026-07-09 18:58:57] [WARN]   لا يوجد إنترنت بعد... (50/120 ثانية)
[2026-07-09 18:59:11] [WARN]   لا يوجد إنترنت بعد... (60/120 ثانية)
[2026-07-09 23:20:09] [EVENT] ✅ تم الحصول على الإنترنت في: 2026-07-09 23:20:09 (بعد 60 ثانية من بدء التشغيل)
[2026-07-09 23:20:09] [SUCCESS] ✅ الإنترنت متاح! (60s)
[2026-07-09 23:20:09] [INFO] تشغيل MediaMTX...
[2026-07-09 23:20:10] [EVENT] MediaMTX started — PID: 2248 — Time: 2026-07-09 23:20:10
[2026-07-09 23:20:12] [INFO] MediaMTX يعمل (PID: 2248)
[2026-07-09 23:20:12] [INFO] تشغيل camera-control.py (PTZ agent)...
[2026-07-09 23:20:13] [EVENT] camera-control.py started — PID: 2266 — Time: 2026-07-09 23:20:13
[2026-07-09 23:20:13] [INFO] camera-control.py يعمل (PID: 2266)
[2026-07-09 23:20:13] [INFO] تشغيل Cloudflare Tunnel...
[2026-07-09 23:20:13] [EVENT] Cloudflare Tunnel starting — Time: 2026-07-09 23:20:13
[2026-07-09 23:20:13] [INFO] انتظار URL من Cloudflare...
[2026-07-09 23:20:20] [EVENT] Cloudflare Tunnel URL received: https://featuring-unavailable-position-allan.trycloudflare.com — Time: 2026-07-09 23:20:20
[2026-07-09 23:20:20] [INFO] تسجيل URL في Laravel API...
[2026-07-09 23:20:20] [SUCCESS] ✅ URL مسجّل بنجاح في Laravel!
[2026-07-09 23:20:20] [INFO]   → الكاميرات تعمل على: https://controlroom.dubibid.com/surveillance
[2026-07-09 23:20:20] [INFO] النظام يعمل. اضغط Ctrl+C للإيقاف.
[2026-07-09 23:20:20] [INFO] ملف السجل الكامل: /home/yazan/projects/rs-python-stream/system.log

========================================================
  RoadShield System Log
  Session started: 2026-07-09 23:36:45
========================================================
[2026-07-09 23:36:45] [EVENT] === SESSION START ===
[2026-07-09 23:36:45] [INFO] ملف السجل: ./system.log
[2026-07-09 23:36:45] [INFO] السيرفر: https://controlroom.dubibid.com
[2026-07-09 23:36:45] [INFO] المحلي:  MediaMTX ← كاميرات Hikvision
[2026-07-09 23:36:45] [INFO] ⏳ انتظار الاتصال بالإنترنت (مهلة: 120 ثانية)...
[2026-07-09 23:36:45] [INFO]    جهاز التحقق: 1.1.1.1
[2026-07-09 23:36:54] [WARN]   لا يوجد إنترنت بعد... (10/120 ثانية)
[2026-07-09 23:36:57] [EVENT] ✅ تم الحصول على الإنترنت في: 2026-07-09 23:36:57 (بعد 12 ثانية من بدء التشغيل)
[2026-07-09 23:36:57] [SUCCESS] ✅ الإنترنت متاح! (12s)
[2026-07-09 23:36:57] [INFO] تشغيل MediaMTX...
[2026-07-09 23:36:58] [EVENT] MediaMTX started — PID: 2098 — Time: 2026-07-09 23:36:58
[2026-07-09 23:37:00] [INFO] MediaMTX يعمل (PID: 2098)
[2026-07-09 23:37:00] [INFO] تشغيل camera-control.py (PTZ agent)...
[2026-07-09 23:37:01] [EVENT] camera-control.py started — PID: 2129 — Time: 2026-07-09 23:37:01
[2026-07-09 23:37:01] [INFO] camera-control.py يعمل (PID: 2129)
[2026-07-09 23:37:01] [INFO] تشغيل Cloudflare Tunnel...
[2026-07-09 23:37:01] [EVENT] Cloudflare Tunnel starting — Time: 2026-07-09 23:37:01
[2026-07-09 23:37:01] [INFO] انتظار URL من Cloudflare...
[2026-07-09 23:37:08] [EVENT] Cloudflare Tunnel URL received: https://switched-traffic-convergence-attached.trycloudflare.com — Time: 2026-07-09 23:37:08
[2026-07-09 23:37:08] [INFO] تسجيل URL في Laravel API...
[2026-07-09 23:37:08] [SUCCESS] ✅ URL مسجّل بنجاح في Laravel!
[2026-07-09 23:37:08] [INFO]   → الكاميرات تعمل على: https://controlroom.dubibid.com/surveillance
[2026-07-09 23:37:08] [INFO] النظام يعمل. اضغط Ctrl+C للإيقاف.
[2026-07-09 23:37:08] [INFO] ملف السجل الكامل: /home/yazan/projects/rs-python-stream/system.log

========================================================
  RoadShield System Log
  Session started: 2026-07-10 00:58:30
========================================================
[2026-07-10 00:58:30] [EVENT] === SESSION START ===
[2026-07-10 00:58:30] [INFO] ملف السجل: ./system.log
[2026-07-10 00:58:30] [INFO] السيرفر: https://controlroom.dubibid.com
[2026-07-10 00:58:30] [INFO] المحلي:  MediaMTX ← كاميرات Hikvision
[2026-07-10 00:58:30] [INFO] ⏳ انتظار الاتصال بالإنترنت (مهلة: 120 ثانية)...
[2026-07-10 00:58:30] [INFO]    جهاز التحقق: 1.1.1.1
[2026-07-10 00:58:39] [WARN]   لا يوجد إنترنت بعد... (10/120 ثانية)
[2026-07-10 00:58:51] [WARN]   لا يوجد إنترنت بعد... (20/120 ثانية)
[2026-07-10 00:59:09] [WARN]   لا يوجد إنترنت بعد... (30/120 ثانية)
[2026-07-10 00:59:25] [WARN]   لا يوجد إنترنت بعد... (40/120 ثانية)
[2026-07-10 00:59:43] [WARN]   لا يوجد إنترنت بعد... (50/120 ثانية)
[2026-07-10 00:59:55] [EVENT] ✅ تم الحصول على الإنترنت في: 2026-07-10 00:59:55 (بعد 57 ثانية من بدء التشغيل)
[2026-07-10 00:59:55] [SUCCESS] ✅ الإنترنت متاح! (57s)
[2026-07-10 00:59:55] [INFO] تشغيل MediaMTX...
[2026-07-10 00:59:56] [EVENT] MediaMTX started — PID: 2228 — Time: 2026-07-10 00:59:56
[2026-07-10 00:59:58] [INFO] MediaMTX يعمل (PID: 2228)
[2026-07-10 00:59:58] [INFO] تشغيل camera-control.py (PTZ agent)...
[2026-07-10 00:59:59] [EVENT] camera-control.py started — PID: 2246 — Time: 2026-07-10 00:59:59
[2026-07-10 00:59:59] [INFO] camera-control.py يعمل (PID: 2246)
[2026-07-10 00:59:59] [INFO] تشغيل Cloudflare Tunnel...
[2026-07-10 00:59:59] [EVENT] Cloudflare Tunnel starting — Time: 2026-07-10 00:59:59
[2026-07-10 00:59:59] [INFO] انتظار URL من Cloudflare...
                                                                                                                                                                                                                                                                                                                                                                                                                                                                                                        
========================================================
  RoadShield System Log
  Session started: 2026-07-10 01:00:33
========================================================
[2026-07-10 01:00:33] [EVENT] === SESSION START ===
[2026-07-10 01:00:33] [INFO] ملف السجل: ./system.log
[2026-07-10 01:00:33] [INFO] السيرفر: https://controlroom.dubibid.com
[2026-07-10 01:00:33] [INFO] المحلي:  MediaMTX ← كاميرات Hikvision
[2026-07-10 01:00:33] [INFO] ⏳ انتظار الاتصال بالإنترنت (مهلة: 120 ثانية)...
[2026-07-10 01:00:33] [INFO]    جهاز التحقق: 1.1.1.1
[2026-07-10 01:00:42] [WARN]   لا يوجد إنترنت بعد... (10/120 ثانية)
[2026-07-10 01:00:52] [WARN]   لا يوجد إنترنت بعد... (20/120 ثانية)
[2026-07-10 01:01:06] [WARN]   لا يوجد إنترنت بعد... (30/120 ثانية)
[2026-07-10 01:01:22] [WARN]   لا يوجد إنترنت بعد... (40/120 ثانية)
[2026-07-10 01:01:26] [EVENT] ✅ تم الحصول على الإنترنت في: 2026-07-10 01:01:26 (بعد 41 ثانية من بدء التشغيل)
[2026-07-10 01:01:26] [SUCCESS] ✅ الإنترنت متاح! (41s)
[2026-07-10 01:01:26] [INFO] تشغيل MediaMTX...
[2026-07-10 01:01:27] [EVENT] MediaMTX started — PID: 2195 — Time: 2026-07-10 01:01:27
[2026-07-10 01:01:29] [INFO] MediaMTX يعمل (PID: 2195)
[2026-07-10 01:01:29] [INFO] تشغيل camera-control.py (PTZ agent)...
[2026-07-10 01:01:30] [EVENT] camera-control.py started — PID: 2213 — Time: 2026-07-10 01:01:30
[2026-07-10 01:01:30] [INFO] camera-control.py يعمل (PID: 2213)
[2026-07-10 01:01:30] [INFO] تشغيل Cloudflare Tunnel...
[2026-07-10 01:01:30] [EVENT] Cloudflare Tunnel starting — Time: 2026-07-10 01:01:30
[2026-07-10 01:01:30] [INFO] انتظار URL من Cloudflare...
[2026-07-10 01:04:36] [EVENT] Cloudflare Tunnel URL received: https://status-explicit-answers-strikes.trycloudflare.com — Time: 2026-07-10 01:04:36
[2026-07-10 01:04:36] [INFO] تسجيل URL في Laravel API...
[2026-07-10 01:04:37] [SUCCESS] ✅ URL مسجّل بنجاح في Laravel!
[2026-07-10 01:04:37] [INFO]   → الكاميرات تعمل على: https://controlroom.dubibid.com/surveillance
[2026-07-10 01:04:37] [INFO] النظام يعمل. اضغط Ctrl+C للإيقاف.
[2026-07-10 01:04:37] [INFO] ملف السجل الكامل: /home/yazan/projects/rs-python-stream/system.log

========================================================
  RoadShield System Log
  Session started: 2026-07-10 01:09:22
========================================================
[2026-07-10 01:09:22] [EVENT] === SESSION START ===
[2026-07-10 01:09:22] [INFO] ملف السجل: ./system.log
[2026-07-10 01:09:22] [INFO] السيرفر: https://controlroom.dubibid.com
[2026-07-10 01:09:22] [INFO] المحلي:  MediaMTX ← كاميرات Hikvision
[2026-07-10 01:09:22] [INFO] ⏳ انتظار الاتصال بالإنترنت (مهلة: 120 ثانية)...
[2026-07-10 01:09:22] [INFO]    جهاز التحقق: 1.1.1.1
[2026-07-10 01:09:31] [WARN]   لا يوجد إنترنت بعد... (10/120 ثانية)
[2026-07-10 01:09:45] [WARN]   لا يوجد إنترنت بعد... (20/120 ثانية)
[2026-07-10 01:09:58] [EVENT] ✅ تم الحصول على الإنترنت في: 2026-07-10 01:09:58 (بعد 29 ثانية من بدء التشغيل)
[2026-07-10 01:09:58] [SUCCESS] ✅ الإنترنت متاح! (29s)
[2026-07-10 01:09:58] [INFO] تشغيل MediaMTX...
[2026-07-10 01:09:59] [EVENT] MediaMTX started — PID: 2161 — Time: 2026-07-10 01:09:59
[2026-07-10 01:13:30] [INFO] MediaMTX يعمل (PID: 2161)
[2026-07-10 01:13:30] [INFO] تشغيل camera-control.py (PTZ agent)...
[2026-07-10 01:13:31] [EVENT] camera-control.py started — PID: 2179 — Time: 2026-07-10 01:13:31
[2026-07-10 01:13:31] [INFO] camera-control.py يعمل (PID: 2179)
[2026-07-10 01:13:31] [INFO] تشغيل Cloudflare Tunnel...
[2026-07-10 01:13:31] [EVENT] Cloudflare Tunnel starting — Time: 2026-07-10 01:13:31
[2026-07-10 01:13:31] [INFO] انتظار URL من Cloudflare...
                                                                                                                                                                                                                                                                                                                                                                                                                                                                                                                                                                                                                       
========================================================
  RoadShield System Log
  Session started: 2026-07-10 01:13:32
========================================================
[2026-07-10 01:13:33] [EVENT] === SESSION START ===
[2026-07-10 01:13:33] [INFO] ملف السجل: ./system.log
[2026-07-10 01:13:33] [INFO] السيرفر: https://controlroom.dubibid.com
[2026-07-10 01:13:33] [INFO] المحلي:  MediaMTX ← كاميرات Hikvision
[2026-07-10 01:13:33] [INFO] ⏳ انتظار الاتصال بالإنترنت (مهلة: 120 ثانية)...
[2026-07-10 01:13:33] [INFO]    جهاز التحقق: 1.1.1.1
[2026-07-10 01:13:42] [WARN]   لا يوجد إنترنت بعد... (10/120 ثانية)
[2026-07-10 01:13:54] [WARN]   لا يوجد إنترنت بعد... (20/120 ثانية)

========================================================
  RoadShield System Log
  Session started: 2026-07-10 01:13:33
========================================================
[2026-07-10 01:13:33] [EVENT] === SESSION START ===
[2026-07-10 01:13:33] [INFO] ملف السجل: ./system.log
[2026-07-10 01:13:33] [INFO] السيرفر: https://controlroom.dubibid.com
[2026-07-10 01:13:33] [INFO] المحلي:  MediaMTX ← كاميرات Hikvision
[2026-07-10 01:13:33] [INFO] ⏳ انتظار الاتصال بالإنترنت (مهلة: 120 ثانية)...
[2026-07-10 01:13:33] [INFO]    جهاز التحقق: 1.1.1.1
[2026-07-10 01:13:42] [WARN]   لا يوجد إنترنت بعد... (10/120 ثانية)
[2026-07-10 01:13:54] [WARN]   لا يوجد إنترنت بعد... (20/120 ثانية)
[2026-07-10 01:14:12] [WARN]   لا يوجد إنترنت بعد... (30/120 ثانية)

========================================================
  RoadShield System Log
  Session started: 2026-07-10 01:13:33
========================================================
[2026-07-10 01:13:33] [EVENT] === SESSION START ===
[2026-07-10 01:13:33] [INFO] ملف السجل: ./system.log
[2026-07-10 01:13:33] [INFO] السيرفر: https://controlroom.dubibid.com
[2026-07-10 01:13:33] [INFO] المحلي:  MediaMTX ← كاميرات Hikvision
[2026-07-10 01:13:33] [INFO] ⏳ انتظار الاتصال بالإنترنت (مهلة: 120 ثانية)...
[2026-07-10 01:13:33] [INFO]    جهاز التحقق: 1.1.1.1
[2026-07-10 01:13:42] [WARN]   لا يوجد إنترنت بعد... (10/120 ثانية)
[2026-07-10 01:13:54] [WARN]   لا يوجد إنترنت بعد... (20/120 ثانية)

========================================================
  RoadShield System Log
  Session started: 2026-07-10 01:13:33
========================================================
[2026-07-10 01:13:33] [EVENT] === SESSION START ===
[2026-07-10 01:13:33] [INFO] ملف السجل: ./system.log
[2026-07-10 01:13:33] [INFO] السيرفر: https://controlroom.dubibid.com
[2026-07-10 01:13:33] [INFO] المحلي:  MediaMTX ← كاميرات Hikvision
[2026-07-10 01:13:33] [INFO] ⏳ انتظار الاتصال بالإنترنت (مهلة: 120 ثانية)...
[2026-07-10 01:13:33] [INFO]    جهاز التحقق: 1.1.1.1
[2026-07-10 01:13:42] [WARN]   لا يوجد إنترنت بعد... (10/120 ثانية)
[2026-07-10 01:13:54] [WARN]   لا يوجد إنترنت بعد... (20/120 ثانية)
[2026-07-10 01:14:12] [WARN]   لا يوجد إنترنت بعد... (30/120 ثانية)
[2026-07-10 01:14:30] [WARN]   لا يوجد إنترنت بعد... (40/120 ثانية)
[2026-07-10 01:14:46] [WARN]   لا يوجد إنترنت بعد... (50/120 ثانية)
[2026-07-10 01:14:57] [EVENT] ✅ تم الحصول على الإنترنت في: 2026-07-10 01:14:57 (بعد 56 ثانية من بدء التشغيل)
[2026-07-10 01:14:57] [SUCCESS] ✅ الإنترنت متاح! (56s)
[2026-07-10 01:14:57] [INFO] تشغيل MediaMTX...
[2026-07-10 01:14:58] [EVENT] MediaMTX started — PID: 2232 — Time: 2026-07-10 01:14:58
[2026-07-10 01:15:00] [INFO] MediaMTX يعمل (PID: 2232)
[2026-07-10 01:15:00] [INFO] تشغيل camera-control.py (PTZ agent)...
[2026-07-10 01:15:01] [EVENT] camera-control.py started — PID: 2248 — Time: 2026-07-10 01:15:01
[2026-07-10 01:15:01] [INFO] camera-control.py يعمل (PID: 2248)
[2026-07-10 01:15:01] [INFO] تشغيل Cloudflare Tunnel...
[2026-07-10 01:15:01] [EVENT] Cloudflare Tunnel starting — Time: 2026-07-10 01:15:01
[2026-07-10 01:15:01] [INFO] انتظار URL من Cloudflare...
[2026-07-10 02:20:39] [EVENT] Cloudflare Tunnel URL received: https://naturally-ralph-places-albums.trycloudflare.com — Time: 2026-07-10 02:20:39
[2026-07-10 02:20:39] [INFO] تسجيل URL في Laravel API...
[2026-07-10 02:20:40] [SUCCESS] ✅ URL مسجّل بنجاح في Laravel!
[2026-07-10 02:20:40] [INFO]   → الكاميرات تعمل على: https://controlroom.dubibid.com/surveillance
[2026-07-10 02:20:40] [INFO] النظام يعمل. اضغط Ctrl+C للإيقاف.
[2026-07-10 02:20:40] [INFO] ملف السجل الكامل: /home/yazan/projects/rs-python-stream/system.log

========================================================
  RoadShield System Log
  Session started: 2026-07-10 02:37:10
========================================================
[2026-07-10 02:37:10] [EVENT] === SESSION START ===
[2026-07-10 02:37:10] [INFO] ملف السجل: ./system.log
[2026-07-10 02:37:10] [INFO] السيرفر: https://controlroom.dubibid.com
[2026-07-10 02:37:10] [INFO] المحلي:  MediaMTX ← كاميرات Hikvision
[2026-07-10 02:37:10] [INFO] ⏳ انتظار الاتصال بالإنترنت (مهلة: 120 ثانية)...
[2026-07-10 02:37:10] [INFO]    جهاز التحقق: 1.1.1.1
[2026-07-10 02:37:19] [WARN]   لا يوجد إنترنت بعد... (10/120 ثانية)
[2026-07-10 02:37:31] [WARN]   لا يوجد إنترنت بعد... (20/120 ثانية)
[2026-07-10 02:37:49] [WARN]   لا يوجد إنترنت بعد... (30/120 ثانية)
[2026-07-10 02:38:07] [WARN]   لا يوجد إنترنت بعد... (40/120 ثانية)
[2026-07-10 02:38:23] [WARN]   لا يوجد إنترنت بعد... (50/120 ثانية)
[2026-07-10 02:38:28] [EVENT] ✅ تم الحصول على الإنترنت في: 2026-07-10 02:38:28 (بعد 54 ثانية من بدء التشغيل)
[2026-07-10 02:38:28] [SUCCESS] ✅ الإنترنت متاح! (54s)
[2026-07-10 02:38:28] [INFO] تشغيل MediaMTX...
[2026-07-10 02:38:29] [EVENT] MediaMTX started — PID: 2227 — Time: 2026-07-10 02:38:29
[2026-07-10 02:38:31] [INFO] MediaMTX يعمل (PID: 2227)
[2026-07-10 02:38:31] [INFO] تشغيل camera-control.py (PTZ agent)...
[2026-07-10 02:38:32] [EVENT] camera-control.py started — PID: 2244 — Time: 2026-07-10 02:38:32
[2026-07-10 02:38:32] [INFO] camera-control.py يعمل (PID: 2244)
[2026-07-10 02:38:32] [INFO] تشغيل Cloudflare Tunnel...
[2026-07-10 02:38:32] [EVENT] Cloudflare Tunnel starting — Time: 2026-07-10 02:38:32
[2026-07-10 02:38:32] [INFO] انتظار URL من Cloudflare...
[2026-07-10 02:38:38] [EVENT] Cloudflare Tunnel URL received: https://neon-methodology-attached-could.trycloudflare.com — Time: 2026-07-10 02:38:38
[2026-07-10 02:38:38] [INFO] تسجيل URL في Laravel API...
[2026-07-10 02:53:12] [SUCCESS] ✅ URL مسجّل بنجاح في Laravel!
[2026-07-10 02:53:12] [INFO]   → الكاميرات تعمل على: https://controlroom.dubibid.com/surveillance
[2026-07-10 02:53:12] [INFO] النظام يعمل. اضغط Ctrl+C للإيقاف.
[2026-07-10 02:53:12] [INFO] ملف السجل الكامل: /home/yazan/projects/rs-python-stream/system.log

========================================================
  RoadShield System Log
  Session started: 2026-07-10 02:54:50
========================================================
[2026-07-10 02:54:50] [EVENT] === SESSION START ===
[2026-07-10 02:54:50] [INFO] ملف السجل: ./system.log
[2026-07-10 02:54:50] [INFO] السيرفر: https://controlroom.dubibid.com
[2026-07-10 02:54:50] [INFO] المحلي:  MediaMTX ← كاميرات Hikvision
[2026-07-10 02:54:50] [INFO] ⏳ انتظار الاتصال بالإنترنت (مهلة: 120 ثانية)...
[2026-07-10 02:54:50] [INFO]    جهاز التحقق: 1.1.1.1
[2026-07-10 02:55:00] [WARN]   لا يوجد إنترنت بعد... (10/120 ثانية)
[2026-07-10 02:55:12] [WARN]   لا يوجد إنترنت بعد... (20/120 ثانية)
[2026-07-10 02:55:30] [WARN]   لا يوجد إنترنت بعد... (30/120 ثانية)
[2026-07-10 02:55:48] [WARN]   لا يوجد إنترنت بعد... (40/120 ثانية)
[2026-07-10 02:56:04] [WARN]   لا يوجد إنترنت بعد... (50/120 ثانية)
[2026-07-10 02:56:10] [EVENT] ✅ تم الحصول على الإنترنت في: 2026-07-10 02:56:10 (بعد 55 ثانية من بدء التشغيل)
[2026-07-10 02:56:10] [SUCCESS] ✅ الإنترنت متاح! (55s)
[2026-07-10 02:56:10] [INFO] تشغيل MediaMTX...
[2026-07-10 02:56:11] [EVENT] MediaMTX started — PID: 2238 — Time: 2026-07-10 02:56:11
[2026-07-10 02:56:13] [INFO] MediaMTX يعمل (PID: 2238)
[2026-07-10 02:56:13] [INFO] تشغيل camera-control.py (PTZ agent)...
[2026-07-10 02:56:14] [EVENT] camera-control.py started — PID: 2254 — Time: 2026-07-10 02:56:14
[2026-07-10 02:56:14] [INFO] camera-control.py يعمل (PID: 2254)
[2026-07-10 02:56:14] [INFO] تشغيل Cloudflare Tunnel...
[2026-07-10 02:56:14] [EVENT] Cloudflare Tunnel starting — Time: 2026-07-10 02:56:14
[2026-07-10 02:56:14] [INFO] انتظار URL من Cloudflare...
[2026-07-10 02:58:09] [EVENT] Cloudflare Tunnel URL received: https://flash-harvey-dreams-privileges.trycloudflare.com — Time: 2026-07-10 02:58:09
[2026-07-10 02:58:09] [INFO] تسجيل URL في Laravel API...
[2026-07-10 02:58:09] [SUCCESS] ✅ URL مسجّل بنجاح في Laravel!
[2026-07-10 02:58:09] [INFO]   → الكاميرات تعمل على: https://controlroom.dubibid.com/surveillance
[2026-07-10 02:58:09] [INFO] النظام يعمل. اضغط Ctrl+C للإيقاف.
[2026-07-10 02:58:09] [INFO] ملف السجل الكامل: /home/yazan/projects/rs-python-stream/system.log

========================================================
  RoadShield System Log
  Session started: 2026-07-10 15:28:41
========================================================
[2026-07-10 15:28:41] [EVENT] === SESSION START ===
[2026-07-10 15:28:41] [INFO] ملف السجل: ./system.log
[2026-07-10 15:28:41] [INFO] السيرفر: https://controlroom.dubibid.com
[2026-07-10 15:28:41] [INFO] المحلي:  MediaMTX ← كاميرات Hikvision
[2026-07-10 15:28:41] [INFO] ⏳ انتظار الاتصال بالإنترنت (مهلة: 120 ثانية)...
[2026-07-10 15:28:41] [INFO]    جهاز التحقق: 1.1.1.1
[2026-07-10 15:28:50] [WARN]   لا يوجد إنترنت بعد... (10/120 ثانية)
[2026-07-10 15:29:02] [WARN]   لا يوجد إنترنت بعد... (20/120 ثانية)
[2026-07-10 15:29:20] [WARN]   لا يوجد إنترنت بعد... (30/120 ثانية)
[2026-07-10 15:29:38] [WARN]   لا يوجد إنترنت بعد... (40/120 ثانية)
[2026-07-10 15:29:52] [WARN]   لا يوجد إنترنت بعد... (50/120 ثانية)
[2026-07-10 15:29:57] [EVENT] ✅ تم الحصول على الإنترنت في: 2026-07-10 15:29:57 (بعد 54 ثانية من بدء التشغيل)
[2026-07-10 15:29:57] [SUCCESS] ✅ الإنترنت متاح! (54s)
[2026-07-10 15:29:57] [INFO] تشغيل MediaMTX...
[2026-07-10 15:29:58] [EVENT] MediaMTX started — PID: 2209 — Time: 2026-07-10 15:29:58
[2026-07-10 15:30:00] [INFO] MediaMTX يعمل (PID: 2209)
[2026-07-10 15:30:00] [INFO] تشغيل camera-control.py (PTZ agent)...
[2026-07-10 15:30:01] [EVENT] camera-control.py started — PID: 2225 — Time: 2026-07-10 15:30:01
[2026-07-10 15:30:01] [INFO] camera-control.py يعمل (PID: 2225)
[2026-07-10 15:30:01] [INFO] تشغيل Cloudflare Tunnel...
[2026-07-10 15:30:01] [EVENT] Cloudflare Tunnel starting — Time: 2026-07-10 15:30:01
[2026-07-10 15:30:01] [INFO] انتظار URL من Cloudflare...
[2026-07-10 15:30:08] [EVENT] Cloudflare Tunnel URL received: https://insight-tribal-cas-alcohol.trycloudflare.com — Time: 2026-07-10 15:30:08
[2026-07-10 15:30:08] [INFO] تسجيل URL في Laravel API...
[2026-07-10 15:30:08] [SUCCESS] ✅ URL مسجّل بنجاح في Laravel!
[2026-07-10 15:30:08] [INFO]   → الكاميرات تعمل على: https://controlroom.dubibid.com/surveillance
[2026-07-10 15:30:08] [INFO] النظام يعمل. اضغط Ctrl+C للإيقاف.
[2026-07-10 15:30:08] [INFO] ملف السجل الكامل: /home/yazan/projects/rs-python-stream/system.log

========================================================
  RoadShield System Log
  Session started: 2026-07-10 15:42:38
========================================================
[2026-07-10 15:42:38] [EVENT] === SESSION START ===
[2026-07-10 15:42:38] [INFO] ملف السجل: ./system.log
[2026-07-10 15:42:38] [INFO] السيرفر: https://controlroom.dubibid.com
[2026-07-10 15:42:38] [INFO] المحلي:  MediaMTX ← كاميرات Hikvision
[2026-07-10 15:42:38] [INFO] ⏳ انتظار الاتصال بالإنترنت (مهلة: 120 ثانية)...
[2026-07-10 15:42:38] [INFO]    جهاز التحقق: 1.1.1.1
[2026-07-10 15:42:48] [WARN]   لا يوجد إنترنت بعد... (10/120 ثانية)
[2026-07-10 15:43:02] [WARN]   لا يوجد إنترنت بعد... (20/120 ثانية)
[2026-07-10 15:43:20] [WARN]   لا يوجد إنترنت بعد... (30/120 ثانية)

========================================================
  RoadShield System Log
  Session started: 2026-07-10 15:42:38
========================================================
[2026-07-10 15:42:38] [EVENT] === SESSION START ===
[2026-07-10 15:42:38] [INFO] ملف السجل: ./system.log
[2026-07-10 15:42:38] [INFO] السيرفر: https://controlroom.dubibid.com
[2026-07-10 15:42:38] [INFO] المحلي:  MediaMTX ← كاميرات Hikvision
[2026-07-10 15:42:38] [INFO] ⏳ انتظار الاتصال بالإنترنت (مهلة: 120 ثانية)...
[2026-07-10 15:42:38] [INFO]    جهاز التحقق: 1.1.1.1
[2026-07-10 15:42:48] [WARN]   لا يوجد إنترنت بعد... (10/120 ثانية)
[2026-07-10 15:43:00] [WARN]   لا يوجد إنترنت بعد... (20/120 ثانية)
[2026-07-10 15:43:18] [WARN]   لا يوجد إنترنت بعد... (30/120 ثانية)
[2026-07-10 15:43:36] [WARN]   لا يوجد إنترنت بعد... (40/120 ثانية)
[2026-07-10 15:43:52] [WARN]   لا يوجد إنترنت بعد... (50/120 ثانية)
[2026-07-10 15:43:59] [EVENT] ✅ تم الحصول على الإنترنت في: 2026-07-10 15:43:59 (بعد 56 ثانية من بدء التشغيل)
[2026-07-10 15:43:59] [SUCCESS] ✅ الإنترنت متاح! (56s)
[2026-07-10 15:43:59] [INFO] تشغيل MediaMTX...
[2026-07-10 15:44:00] [EVENT] MediaMTX started — PID: 2238 — Time: 2026-07-10 15:44:00
[2026-07-10 15:44:02] [INFO] MediaMTX يعمل (PID: 2238)
[2026-07-10 15:44:02] [INFO] تشغيل camera-control.py (PTZ agent)...
[2026-07-10 15:44:03] [EVENT] camera-control.py started — PID: 2256 — Time: 2026-07-10 15:44:03
[2026-07-10 15:44:03] [INFO] camera-control.py يعمل (PID: 2256)
[2026-07-10 15:44:03] [INFO] تشغيل Cloudflare Tunnel...
[2026-07-10 15:44:03] [EVENT] Cloudflare Tunnel starting — Time: 2026-07-10 15:44:03
[2026-07-10 15:44:03] [INFO] انتظار URL من Cloudflare...
[2026-07-11 14:31:26] [EVENT] Cloudflare Tunnel URL received: https://copy-attribute-practitioners-alien.trycloudflare.com — Time: 2026-07-11 14:31:26
[2026-07-11 14:31:26] [INFO] تسجيل URL في Laravel API...
[2026-07-11 14:31:26] [SUCCESS] ✅ URL مسجّل بنجاح في Laravel!
[2026-07-11 14:31:26] [INFO]   → الكاميرات تعمل على: https://controlroom.dubibid.com/surveillance
[2026-07-11 14:31:26] [INFO] النظام يعمل. اضغط Ctrl+C للإيقاف.
[2026-07-11 14:31:26] [INFO] ملف السجل الكامل: /home/yazan/projects/rs-python-stream/system.log

========================================================
  RoadShield System Log
  Session started: 2026-07-11 14:32:30
========================================================
[2026-07-11 14:32:30] [EVENT] === SESSION START ===
[2026-07-11 14:32:30] [INFO] ملف السجل: ./system.log
[2026-07-11 14:32:30] [INFO] السيرفر: https://controlroom.dubibid.com
[2026-07-11 14:32:30] [INFO] المحلي:  MediaMTX ← كاميرات Hikvision
[2026-07-11 14:32:30] [INFO] ⏳ انتظار الاتصال بالإنترنت (مهلة: 120 ثانية)...
[2026-07-11 14:32:30] [INFO]    جهاز التحقق: 1.1.1.1
[2026-07-11 14:32:39] [WARN]   لا يوجد إنترنت بعد... (10/120 ثانية)
[2026-07-11 14:32:51] [WARN]   لا يوجد إنترنت بعد... (20/120 ثانية)
[2026-07-11 14:33:09] [WARN]   لا يوجد إنترنت بعد... (30/120 ثانية)
[2026-07-11 14:33:27] [WARN]   لا يوجد إنترنت بعد... (40/120 ثانية)
[2026-07-11 14:33:43] [WARN]   لا يوجد إنترنت بعد... (50/120 ثانية)
[2026-07-11 14:33:59] [WARN]   لا يوجد إنترنت بعد... (60/120 ثانية)
[2026-07-11 14:34:05] [EVENT] ✅ تم الحصول على الإنترنت في: 2026-07-11 14:34:05 (بعد 63 ثانية من بدء التشغيل)
[2026-07-11 14:34:05] [SUCCESS] ✅ الإنترنت متاح! (63s)
[2026-07-11 14:34:05] [INFO] تشغيل MediaMTX...
[2026-07-11 14:34:06] [EVENT] MediaMTX started — PID: 2249 — Time: 2026-07-11 14:34:06
[2026-07-11 14:34:08] [INFO] MediaMTX يعمل (PID: 2249)
[2026-07-11 14:34:08] [INFO] تشغيل camera-control.py (PTZ agent)...
[2026-07-11 14:47:34] [EVENT] camera-control.py started — PID: 2267 — Time: 2026-07-11 14:47:34
[2026-07-11 14:47:34] [INFO] camera-control.py يعمل (PID: 2267)
[2026-07-11 14:47:34] [INFO] تشغيل Cloudflare Tunnel...
[2026-07-11 14:47:34] [EVENT] Cloudflare Tunnel starting — Time: 2026-07-11 14:47:34
[2026-07-11 14:47:34] [INFO] انتظار URL من Cloudflare...
[2026-07-11 14:47:40] [EVENT] Cloudflare Tunnel URL received: https://gerald-continuity-handle-portsmouth.trycloudflare.com — Time: 2026-07-11 14:47:40
[2026-07-11 14:47:40] [INFO] تسجيل URL في Laravel API...
[2026-07-11 14:47:40] [SUCCESS] ✅ URL مسجّل بنجاح في Laravel!
[2026-07-11 14:47:40] [INFO]   → الكاميرات تعمل على: https://controlroom.dubibid.com/surveillance
[2026-07-11 14:47:40] [INFO] النظام يعمل. اضغط Ctrl+C للإيقاف.
[2026-07-11 14:47:40] [INFO] ملف السجل الكامل: /home/yazan/projects/rs-python-stream/system.log

========================================================
  RoadShield System Log
  Session started: 2026-07-11 14:51:21
========================================================
[2026-07-11 14:51:21] [EVENT] === SESSION START ===
[2026-07-11 14:51:21] [INFO] ملف السجل: ./system.log
[2026-07-11 14:51:21] [INFO] السيرفر: https://controlroom.dubibid.com
[2026-07-11 14:51:21] [INFO] المحلي:  MediaMTX ← كاميرات Hikvision
[2026-07-11 14:51:21] [INFO] ⏳ انتظار الاتصال بالإنترنت (مهلة: 120 ثانية)...
[2026-07-11 14:51:21] [INFO]    جهاز التحقق: 1.1.1.1
[2026-07-11 14:51:30] [WARN]   لا يوجد إنترنت بعد... (10/120 ثانية)
[2026-07-11 14:51:42] [WARN]   لا يوجد إنترنت بعد... (20/120 ثانية)
[2026-07-11 14:52:02] [WARN]   لا يوجد إنترنت بعد... (30/120 ثانية)
[2026-07-11 14:52:18] [WARN]   لا يوجد إنترنت بعد... (40/120 ثانية)
[2026-07-11 14:52:34] [WARN]   لا يوجد إنترنت بعد... (50/120 ثانية)
[2026-07-11 14:52:46] [EVENT] ✅ تم الحصول على الإنترنت في: 2026-07-11 14:52:46 (بعد 57 ثانية من بدء التشغيل)
[2026-07-11 14:52:46] [SUCCESS] ✅ الإنترنت متاح! (57s)
[2026-07-11 14:52:46] [INFO] تشغيل MediaMTX...
[2026-07-11 14:52:47] [EVENT] MediaMTX started — PID: 2230 — Time: 2026-07-11 14:52:47
[2026-07-11 14:54:35] [INFO] MediaMTX يعمل (PID: 2230)
[2026-07-11 14:54:35] [INFO] تشغيل camera-control.py (PTZ agent)...
[2026-07-11 14:54:36] [EVENT] camera-control.py started — PID: 2249 — Time: 2026-07-11 14:54:36
[2026-07-11 14:54:36] [INFO] camera-control.py يعمل (PID: 2249)
[2026-07-11 14:54:36] [INFO] تشغيل Cloudflare Tunnel...
[2026-07-11 14:54:36] [EVENT] Cloudflare Tunnel starting — Time: 2026-07-11 14:54:36
[2026-07-11 14:54:36] [INFO] انتظار URL من Cloudflare...
[2026-07-11 14:54:43] [EVENT] Cloudflare Tunnel URL received: https://comfortable-investments-strengthening-emacs.trycloudflare.com — Time: 2026-07-11 14:54:43
[2026-07-11 14:54:43] [INFO] تسجيل URL في Laravel API...
[2026-07-11 14:54:43] [SUCCESS] ✅ URL مسجّل بنجاح في Laravel!
[2026-07-11 14:54:43] [INFO]   → الكاميرات تعمل على: https://controlroom.dubibid.com/surveillance
[2026-07-11 14:54:43] [INFO] النظام يعمل. اضغط Ctrl+C للإيقاف.
[2026-07-11 14:54:43] [INFO] ملف السجل الكامل: /home/yazan/projects/rs-python-stream/system.log

========================================================
  RoadShield System Log
  Session started: 2026-07-11 15:28:15
========================================================
[2026-07-11 15:28:15] [EVENT] === SESSION START ===
[2026-07-11 15:28:15] [INFO] ملف السجل: ./system.log
[2026-07-11 15:28:15] [INFO] السيرفر: https://controlroom.dubibid.com
[2026-07-11 15:28:15] [INFO] المحلي:  MediaMTX ← كاميرات Hikvision
[2026-07-11 15:28:15] [INFO] ⏳ انتظار الاتصال بالإنترنت (مهلة: 120 ثانية)...
[2026-07-11 15:28:15] [INFO]    جهاز التحقق: 1.1.1.1
[2026-07-11 15:28:24] [WARN]   لا يوجد إنترنت بعد... (10/120 ثانية)
[2026-07-11 15:28:37] [WARN]   لا يوجد إنترنت بعد... (20/120 ثانية)
[2026-07-11 15:28:55] [WARN]   لا يوجد إنترنت بعد... (30/120 ثانية)
[2026-07-11 15:29:13] [WARN]   لا يوجد إنترنت بعد... (40/120 ثانية)
[2026-07-11 15:29:29] [WARN]   لا يوجد إنترنت بعد... (50/120 ثانية)
[2026-07-11 15:29:43] [WARN]   لا يوجد إنترنت بعد... (60/120 ثانية)
[2026-07-11 15:29:48] [EVENT] ✅ تم الحصول على الإنترنت في: 2026-07-11 15:29:48 (بعد 62 ثانية من بدء التشغيل)
[2026-07-11 15:29:48] [SUCCESS] ✅ الإنترنت متاح! (62s)
[2026-07-11 15:29:48] [INFO] تشغيل MediaMTX...
[2026-07-11 15:29:49] [EVENT] MediaMTX started — PID: 2243 — Time: 2026-07-11 15:29:49
[2026-07-11 15:29:51] [INFO] MediaMTX يعمل (PID: 2243)
[2026-07-11 15:29:51] [INFO] تشغيل camera-control.py (PTZ agent)...
[2026-07-11 15:29:52] [EVENT] camera-control.py started — PID: 2262 — Time: 2026-07-11 15:29:52
[2026-07-11 15:29:52] [INFO] camera-control.py يعمل (PID: 2262)
[2026-07-11 15:29:52] [INFO] تشغيل Cloudflare Tunnel...
[2026-07-11 15:29:52] [EVENT] Cloudflare Tunnel starting — Time: 2026-07-11 15:29:52
[2026-07-11 15:29:52] [INFO] انتظار URL من Cloudflare...
[2026-07-11 22:39:51] [EVENT] Cloudflare Tunnel URL received: https://dome-progressive-watts-manga.trycloudflare.com — Time: 2026-07-11 22:39:51
[2026-07-11 22:39:51] [INFO] تسجيل URL في Laravel API...
[2026-07-11 22:39:52] [SUCCESS] ✅ URL مسجّل بنجاح في Laravel!
[2026-07-11 22:39:52] [INFO]   → الكاميرات تعمل على: https://controlroom.dubibid.com/surveillance
[2026-07-11 22:39:52] [INFO] النظام يعمل. اضغط Ctrl+C للإيقاف.
[2026-07-11 22:39:52] [INFO] ملف السجل الكامل: /home/yazan/projects/rs-python-stream/system.log

========================================================
  RoadShield System Log
  Session started: 2026-07-11 22:41:25
========================================================
[2026-07-11 22:41:25] [EVENT] === SESSION START ===
[2026-07-11 22:41:25] [INFO] ملف السجل: ./system.log
[2026-07-11 22:41:25] [INFO] السيرفر: https://controlroom.dubibid.com
[2026-07-11 22:41:25] [INFO] المحلي:  MediaMTX ← كاميرات Hikvision
[2026-07-11 22:41:25] [INFO] ⏳ انتظار الاتصال بالإنترنت (مهلة: 120 ثانية)...
[2026-07-11 22:41:25] [INFO]    جهاز التحقق: 1.1.1.1
[2026-07-11 22:41:34] [WARN]   لا يوجد إنترنت بعد... (10/120 ثانية)
[2026-07-11 22:41:47] [WARN]   لا يوجد إنترنت بعد... (20/120 ثانية)
[2026-07-11 22:42:07] [WARN]   لا يوجد إنترنت بعد... (30/120 ثانية)
[2026-07-11 22:42:23] [WARN]   لا يوجد إنترنت بعد... (40/120 ثانية)
[2026-07-11 22:42:39] [WARN]   لا يوجد إنترنت بعد... (50/120 ثانية)
[2026-07-11 22:42:52] [EVENT] ✅ تم الحصول على الإنترنت في: 2026-07-11 22:42:52 (بعد 58 ثانية من بدء التشغيل)
[2026-07-11 22:42:52] [SUCCESS] ✅ الإنترنت متاح! (58s)
[2026-07-11 22:42:52] [INFO] تشغيل MediaMTX...
[2026-07-11 22:42:53] [EVENT] MediaMTX started — PID: 2228 — Time: 2026-07-11 22:42:53
[2026-07-12 09:42:13] [INFO] MediaMTX يعمل (PID: 2228)
[2026-07-12 09:42:13] [INFO] تشغيل camera-control.py (PTZ agent)...
[2026-07-12 09:42:14] [EVENT] camera-control.py started — PID: 2273 — Time: 2026-07-12 09:42:14
[2026-07-12 09:42:14] [INFO] camera-control.py يعمل (PID: 2273)
[2026-07-12 09:42:14] [INFO] تشغيل Cloudflare Tunnel...
[2026-07-12 09:42:14] [EVENT] Cloudflare Tunnel starting — Time: 2026-07-12 09:42:14
[2026-07-12 09:42:14] [INFO] انتظار URL من Cloudflare...
[2026-07-12 09:42:21] [EVENT] Cloudflare Tunnel URL received: https://encyclopedia-ver-recorded-univ.trycloudflare.com — Time: 2026-07-12 09:42:21
[2026-07-12 09:42:21] [INFO] تسجيل URL في Laravel API...
[2026-07-12 09:42:21] [SUCCESS] ✅ URL مسجّل بنجاح في Laravel!
[2026-07-12 09:42:21] [INFO]   → الكاميرات تعمل على: https://controlroom.dubibid.com/surveillance
[2026-07-12 09:42:21] [INFO] النظام يعمل. اضغط Ctrl+C للإيقاف.
[2026-07-12 09:42:21] [INFO] ملف السجل الكامل: /home/yazan/projects/rs-python-stream/system.log

========================================================
  RoadShield System Log
  Session started: 2026-07-12 10:50:01
========================================================
[2026-07-12 10:50:01] [EVENT] === SESSION START ===
[2026-07-12 10:50:01] [INFO] ملف السجل: ./system.log
[2026-07-12 10:50:01] [INFO] السيرفر: https://controlroom.dubibid.com
[2026-07-12 10:50:01] [INFO] المحلي:  MediaMTX ← كاميرات Hikvision
[2026-07-12 10:50:01] [INFO] ⏳ انتظار الاتصال بالإنترنت (مهلة: 120 ثانية)...
[2026-07-12 10:50:01] [INFO]    جهاز التحقق: 1.1.1.1
[2026-07-12 10:50:10] [WARN]   لا يوجد إنترنت بعد... (10/120 ثانية)
[2026-07-12 10:50:24] [WARN]   لا يوجد إنترنت بعد... (20/120 ثانية)
[2026-07-12 10:50:42] [WARN]   لا يوجد إنترنت بعد... (30/120 ثانية)
[2026-07-12 10:50:58] [WARN]   لا يوجد إنترنت بعد... (40/120 ثانية)
[2026-07-12 10:51:14] [WARN]   لا يوجد إنترنت بعد... (50/120 ثانية)
[2026-07-12 10:51:19] [EVENT] ✅ تم الحصول على الإنترنت في: 2026-07-12 10:51:19 (بعد 54 ثانية من بدء التشغيل)
[2026-07-12 10:51:19] [SUCCESS] ✅ الإنترنت متاح! (54s)
[2026-07-12 10:51:19] [INFO] تشغيل MediaMTX...
[2026-07-12 10:51:20] [EVENT] MediaMTX started — PID: 2223 — Time: 2026-07-12 10:51:20
[2026-07-12 10:51:22] [INFO] MediaMTX يعمل (PID: 2223)
[2026-07-12 10:51:22] [INFO] تشغيل camera-control.py (PTZ agent)...
[2026-07-12 10:51:23] [EVENT] camera-control.py started — PID: 2239 — Time: 2026-07-12 10:51:23
[2026-07-12 10:51:23] [INFO] camera-control.py يعمل (PID: 2239)
[2026-07-12 10:51:23] [INFO] تشغيل Cloudflare Tunnel...
[2026-07-12 10:51:23] [EVENT] Cloudflare Tunnel starting — Time: 2026-07-12 10:51:23
[2026-07-12 10:51:23] [INFO] انتظار URL من Cloudflare...
[2026-07-12 11:19:49] [EVENT] Cloudflare Tunnel URL received: https://contained-limits-honors-moment.trycloudflare.com — Time: 2026-07-12 11:19:49
[2026-07-12 11:19:49] [INFO] تسجيل URL في Laravel API...
[2026-07-12 11:19:50] [SUCCESS] ✅ URL مسجّل بنجاح في Laravel!
[2026-07-12 11:19:50] [INFO]   → الكاميرات تعمل على: https://controlroom.dubibid.com/surveillance
[2026-07-12 11:19:50] [INFO] النظام يعمل. اضغط Ctrl+C للإيقاف.
[2026-07-12 11:19:50] [INFO] ملف السجل الكامل: /home/yazan/projects/rs-python-stream/system.log

========================================================
  RoadShield System Log
  Session started: 2026-07-12 11:21:28
========================================================
[2026-07-12 11:21:28] [EVENT] === SESSION START ===
[2026-07-12 11:21:28] [INFO] ملف السجل: ./system.log
[2026-07-12 11:21:28] [INFO] السيرفر: https://controlroom.dubibid.com
[2026-07-12 11:21:28] [INFO] المحلي:  MediaMTX ← كاميرات Hikvision
[2026-07-12 11:21:28] [INFO] ⏳ انتظار الاتصال بالإنترنت (مهلة: 120 ثانية)...
[2026-07-12 11:21:28] [INFO]    جهاز التحقق: 1.1.1.1
[2026-07-12 11:21:37] [WARN]   لا يوجد إنترنت بعد... (10/120 ثانية)
[2026-07-12 11:21:49] [WARN]   لا يوجد إنترنت بعد... (20/120 ثانية)
[2026-07-12 11:22:07] [WARN]   لا يوجد إنترنت بعد... (30/120 ثانية)
[2026-07-12 11:22:25] [WARN]   لا يوجد إنترنت بعد... (40/120 ثانية)
[2026-07-12 11:22:39] [WARN]   لا يوجد إنترنت بعد... (50/120 ثانية)
[2026-07-12 11:22:45] [EVENT] ✅ تم الحصول على الإنترنت في: 2026-07-12 11:22:45 (بعد 55 ثانية من بدء التشغيل)
[2026-07-12 11:22:45] [SUCCESS] ✅ الإنترنت متاح! (55s)
[2026-07-12 11:22:45] [INFO] تشغيل MediaMTX...
[2026-07-12 11:22:46] [EVENT] MediaMTX started — PID: 2370 — Time: 2026-07-12 11:22:46
[2026-07-12 11:22:48] [INFO] MediaMTX يعمل (PID: 2370)
[2026-07-12 11:22:48] [INFO] تشغيل camera-control.py (PTZ agent)...
[2026-07-12 11:22:49] [EVENT] camera-control.py started — PID: 2406 — Time: 2026-07-12 11:22:49
[2026-07-12 11:22:49] [INFO] camera-control.py يعمل (PID: 2406)
[2026-07-12 11:22:49] [INFO] تشغيل Cloudflare Tunnel...
[2026-07-12 11:22:49] [EVENT] Cloudflare Tunnel starting — Time: 2026-07-12 11:22:49
[2026-07-12 11:22:49] [INFO] انتظار URL من Cloudflare...
[2026-07-12 11:22:55] [EVENT] Cloudflare Tunnel URL received: https://entrance-fits-challenge-fig.trycloudflare.com — Time: 2026-07-12 11:22:55
[2026-07-12 11:22:55] [INFO] تسجيل URL في Laravel API...
[2026-07-12 11:22:55] [SUCCESS] ✅ URL مسجّل بنجاح في Laravel!
[2026-07-12 11:22:55] [INFO]   → الكاميرات تعمل على: https://controlroom.dubibid.com/surveillance
[2026-07-12 11:22:55] [INFO] النظام يعمل. اضغط Ctrl+C للإيقاف.
[2026-07-12 11:22:55] [INFO] ملف السجل الكامل: /home/yazan/projects/rs-python-stream/system.log

========================================================
  RoadShield System Log
  Session started: 2026-07-12 18:35:38
========================================================
[2026-07-12 18:35:38] [EVENT] === SESSION START ===
[2026-07-12 18:35:38] [INFO] ملف السجل: ./system.log
[2026-07-12 18:35:38] [INFO] السيرفر: https://controlroom.dubibid.com
[2026-07-12 18:35:38] [INFO] المحلي:  MediaMTX ← كاميرات Hikvision
[2026-07-12 18:35:38] [INFO] ⏳ انتظار الاتصال بالإنترنت (مهلة: 120 ثانية)...
[2026-07-12 18:35:38] [INFO]    جهاز التحقق: 1.1.1.1
[2026-07-12 18:35:47] [WARN]   لا يوجد إنترنت بعد... (10/120 ثانية)
[2026-07-12 18:35:59] [WARN]   لا يوجد إنترنت بعد... (20/120 ثانية)
[2026-07-12 18:36:19] [WARN]   لا يوجد إنترنت بعد... (30/120 ثانية)
[2026-07-12 18:36:35] [WARN]   لا يوجد إنترنت بعد... (40/120 ثانية)
[2026-07-12 18:36:51] [WARN]   لا يوجد إنترنت بعد... (50/120 ثانية)
[2026-07-12 18:37:03] [EVENT] ✅ تم الحصول على الإنترنت في: 2026-07-12 18:37:03 (بعد 57 ثانية من بدء التشغيل)
[2026-07-12 18:37:03] [SUCCESS] ✅ الإنترنت متاح! (57s)
[2026-07-12 18:37:03] [INFO] تشغيل MediaMTX...
[2026-07-12 18:37:04] [EVENT] MediaMTX started — PID: 2255 — Time: 2026-07-12 18:37:04
[2026-07-12 18:37:06] [INFO] MediaMTX يعمل (PID: 2255)
[2026-07-12 18:37:06] [INFO] تشغيل camera-control.py (PTZ agent)...
[2026-07-12 18:56:24] [EVENT] camera-control.py started — PID: 2271 — Time: 2026-07-12 18:56:24
[2026-07-12 18:56:24] [INFO] camera-control.py يعمل (PID: 2271)
[2026-07-12 18:56:24] [INFO] تشغيل Cloudflare Tunnel...
[2026-07-12 18:56:24] [EVENT] Cloudflare Tunnel starting — Time: 2026-07-12 18:56:24
[2026-07-12 18:56:24] [INFO] انتظار URL من Cloudflare...
[2026-07-12 18:56:31] [EVENT] Cloudflare Tunnel URL received: https://fossil-ian-time-insider.trycloudflare.com — Time: 2026-07-12 18:56:31
[2026-07-12 18:56:31] [INFO] تسجيل URL في Laravel API...
[2026-07-12 18:56:31] [SUCCESS] ✅ URL مسجّل بنجاح في Laravel!
[2026-07-12 18:56:31] [INFO]   → الكاميرات تعمل على: https://controlroom.dubibid.com/surveillance
[2026-07-12 18:56:31] [INFO] النظام يعمل. اضغط Ctrl+C للإيقاف.
[2026-07-12 18:56:31] [INFO] ملف السجل الكامل: /home/yazan/projects/rs-python-stream/system.log

========================================================
  RoadShield System Log
  Session started: 2026-07-12 19:30:03
========================================================
[2026-07-12 19:30:03] [EVENT] === SESSION START ===
[2026-07-12 19:30:03] [INFO] ملف السجل: ./system.log
[2026-07-12 19:30:03] [INFO] السيرفر: https://controlroom.dubibid.com
[2026-07-12 19:30:03] [INFO] المحلي:  MediaMTX ← كاميرات Hikvision
[2026-07-12 19:30:03] [INFO] ⏳ انتظار الاتصال بالإنترنت (مهلة: 120 ثانية)...
[2026-07-12 19:30:03] [INFO]    جهاز التحقق: 1.1.1.1
[2026-07-12 19:30:13] [WARN]   لا يوجد إنترنت بعد... (10/120 ثانية)
[2026-07-12 19:30:25] [WARN]   لا يوجد إنترنت بعد... (20/120 ثانية)
[2026-07-12 19:30:43] [WARN]   لا يوجد إنترنت بعد... (30/120 ثانية)
[2026-07-12 19:30:59] [WARN]   لا يوجد إنترنت بعد... (40/120 ثانية)
[2026-07-12 19:31:17] [WARN]   لا يوجد إنترنت بعد... (50/120 ثانية)
[2026-07-12 19:31:31] [EVENT] ✅ تم الحصول على الإنترنت في: 2026-07-12 19:31:31 (بعد 59 ثانية من بدء التشغيل)
[2026-07-12 19:31:31] [SUCCESS] ✅ الإنترنت متاح! (59s)
[2026-07-12 19:31:31] [INFO] تشغيل MediaMTX...
[2026-07-12 19:46:19] [EVENT] MediaMTX started — PID: 2280 — Time: 2026-07-12 19:46:19
[2026-07-12 19:46:21] [INFO] MediaMTX يعمل (PID: 2280)
[2026-07-12 19:46:21] [INFO] تشغيل camera-control.py (PTZ agent)...
[2026-07-12 19:46:22] [EVENT] camera-control.py started — PID: 2297 — Time: 2026-07-12 19:46:22
[2026-07-12 19:46:22] [INFO] camera-control.py يعمل (PID: 2297)
[2026-07-12 19:46:22] [INFO] تشغيل Cloudflare Tunnel...
[2026-07-12 19:46:22] [EVENT] Cloudflare Tunnel starting — Time: 2026-07-12 19:46:22
[2026-07-12 19:46:22] [INFO] انتظار URL من Cloudflare...
[2026-07-12 19:46:27] [EVENT] Cloudflare Tunnel URL received: https://bryan-pregnant-cruises-parents.trycloudflare.com — Time: 2026-07-12 19:46:27
[2026-07-12 19:46:27] [INFO] تسجيل URL في Laravel API...
[2026-07-12 19:46:28] [SUCCESS] ✅ URL مسجّل بنجاح في Laravel!
[2026-07-12 19:46:28] [INFO]   → الكاميرات تعمل على: https://controlroom.dubibid.com/surveillance
[2026-07-12 19:46:28] [INFO] النظام يعمل. اضغط Ctrl+C للإيقاف.
[2026-07-12 19:46:28] [INFO] ملف السجل الكامل: /home/yazan/projects/rs-python-stream/system.log

========================================================
  RoadShield System Log
  Session started: 2026-07-12 19:54:22
========================================================
[2026-07-12 19:54:22] [EVENT] === SESSION START ===
[2026-07-12 19:54:22] [INFO] ملف السجل: ./system.log
[2026-07-12 19:54:22] [INFO] السيرفر: https://controlroom.dubibid.com
[2026-07-12 19:54:22] [INFO] المحلي:  MediaMTX ← كاميرات Hikvision
[2026-07-12 19:54:22] [INFO] ⏳ انتظار الاتصال بالإنترنت (مهلة: 120 ثانية)...
[2026-07-12 19:54:22] [INFO]    جهاز التحقق: 1.1.1.1
[2026-07-12 19:54:32] [WARN]   لا يوجد إنترنت بعد... (10/120 ثانية)
[2026-07-12 19:54:44] [WARN]   لا يوجد إنترنت بعد... (20/120 ثانية)
[2026-07-12 19:55:04] [WARN]   لا يوجد إنترنت بعد... (30/120 ثانية)
[2026-07-12 19:55:20] [WARN]   لا يوجد إنترنت بعد... (40/120 ثانية)
[2026-07-12 19:55:36] [WARN]   لا يوجد إنترنت بعد... (50/120 ثانية)
[2026-07-12 19:55:44] [EVENT] ✅ تم الحصول على الإنترنت في: 2026-07-12 19:55:44 (بعد 57 ثانية من بدء التشغيل)
[2026-07-12 19:55:44] [SUCCESS] ✅ الإنترنت متاح! (57s)
[2026-07-12 19:55:44] [INFO] تشغيل MediaMTX...
[2026-07-12 19:55:45] [EVENT] MediaMTX started — PID: 2272 — Time: 2026-07-12 19:55:45
[2026-07-12 19:55:47] [INFO] MediaMTX يعمل (PID: 2272)
[2026-07-12 19:55:47] [INFO] تشغيل camera-control.py (PTZ agent)...
[2026-07-12 19:55:48] [EVENT] camera-control.py started — PID: 2289 — Time: 2026-07-12 19:55:48
[2026-07-12 19:55:48] [INFO] camera-control.py يعمل (PID: 2289)
[2026-07-12 19:55:48] [INFO] تشغيل Cloudflare Tunnel...
[2026-07-12 19:55:48] [EVENT] Cloudflare Tunnel starting — Time: 2026-07-12 19:55:48
[2026-07-12 19:55:48] [INFO] انتظار URL من Cloudflare...
[2026-07-12 20:05:17] [EVENT] Cloudflare Tunnel URL received: https://senator-positive-heritage-signature.trycloudflare.com — Time: 2026-07-12 20:05:17
[2026-07-12 20:05:17] [INFO] تسجيل URL في Laravel API...
[2026-07-12 20:05:18] [SUCCESS] ✅ URL مسجّل بنجاح في Laravel!
[2026-07-12 20:05:18] [INFO]   → الكاميرات تعمل على: https://controlroom.dubibid.com/surveillance
[2026-07-12 20:05:18] [INFO] النظام يعمل. اضغط Ctrl+C للإيقاف.
[2026-07-12 20:05:18] [INFO] ملف السجل الكامل: /home/yazan/projects/rs-python-stream/system.log

========================================================
  RoadShield System Log
  Session started: 2026-07-13 16:17:10
========================================================
[2026-07-13 16:17:10] [EVENT] === SESSION START ===
[2026-07-13 16:17:10] [INFO] ملف السجل: ./system.log
[2026-07-13 16:17:10] [INFO] السيرفر: https://controlroom.roadshield.ae
[2026-07-13 16:17:10] [INFO] المحلي:  MediaMTX ← كاميرات Hikvision
[2026-07-13 16:17:10] [INFO] ⏳ انتظار الاتصال بالإنترنت (مهلة: 120 ثانية)...
[2026-07-13 16:17:10] [INFO]    جهاز التحقق: 1.1.1.1
[2026-07-13 16:17:19] [WARN]   لا يوجد إنترنت بعد... (10/120 ثانية)
[2026-07-13 16:17:32] [WARN]   لا يوجد إنترنت بعد... (20/120 ثانية)
[2026-07-13 16:17:54] [WARN]   لا يوجد إنترنت بعد... (30/120 ثانية)
[2026-07-13 16:18:08] [WARN]   لا يوجد إنترنت بعد... (40/120 ثانية)
[2026-07-13 16:18:24] [WARN]   لا يوجد إنترنت بعد... (50/120 ثانية)
[2026-07-13 16:18:31] [EVENT] ✅ تم الحصول على الإنترنت في: 2026-07-13 16:18:31 (بعد 56 ثانية من بدء التشغيل)
[2026-07-13 16:18:31] [SUCCESS] ✅ الإنترنت متاح! (56s)
[2026-07-13 16:18:31] [INFO] تشغيل MediaMTX...
[2026-07-13 16:18:32] [EVENT] MediaMTX started — PID: 2260 — Time: 2026-07-13 16:18:32
[2026-07-13 16:18:34] [INFO] MediaMTX يعمل (PID: 2260)
[2026-07-13 16:18:34] [INFO] تشغيل camera-control.py (PTZ agent)...
[2026-07-13 16:18:35] [EVENT] camera-control.py started — PID: 2277 — Time: 2026-07-13 16:18:35
[2026-07-13 16:18:35] [INFO] camera-control.py يعمل (PID: 2277)
[2026-07-13 16:18:35] [INFO] تشغيل Cloudflare Tunnel...
[2026-07-13 16:18:35] [EVENT] Cloudflare Tunnel starting — Time: 2026-07-13 16:18:35
[2026-07-13 16:18:35] [INFO] انتظار URL من Cloudflare...
[2026-07-13 16:38:31] [EVENT] Cloudflare Tunnel URL received: https://cheese-worldwide-immediate-computed.trycloudflare.com — Time: 2026-07-13 16:38:31
[2026-07-13 16:38:31] [INFO] تسجيل URL في Laravel API...
[2026-07-13 16:38:31] [ERROR] ❌ Unauthorized — تأكد أن SURVEILLANCE_TOKEN يطابق .env على السيرفر
[2026-07-13 16:38:31] [ERROR]   Token محلي: b8e2ed9a...
[2026-07-13 16:38:31] [INFO] النظام يعمل. اضغط Ctrl+C للإيقاف.
[2026-07-13 16:38:31] [INFO] ملف السجل الكامل: /home/yazan/projects/rs-python-stream/system.log

========================================================
  RoadShield System Log
  Session started: 2026-07-13 16:42:15
========================================================
[2026-07-13 16:42:15] [EVENT] === SESSION START ===
[2026-07-13 16:42:15] [INFO] ملف السجل: ./system.log
[2026-07-13 16:42:15] [INFO] السيرفر: https://controlroom.roadshield.ae
[2026-07-13 16:42:15] [INFO] المحلي:  MediaMTX ← كاميرات Hikvision
[2026-07-13 16:42:15] [INFO] ⏳ انتظار الاتصال بالإنترنت (مهلة: 120 ثانية)...
[2026-07-13 16:42:15] [INFO]    جهاز التحقق: 1.1.1.1
[2026-07-13 16:42:24] [WARN]   لا يوجد إنترنت بعد... (10/120 ثانية)
[2026-07-13 16:42:36] [WARN]   لا يوجد إنترنت بعد... (20/120 ثانية)
[2026-07-13 16:42:58] [WARN]   لا يوجد إنترنت بعد... (30/120 ثانية)
[2026-07-13 16:43:12] [WARN]   لا يوجد إنترنت بعد... (40/120 ثانية)
[2026-07-13 16:43:26] [WARN]   لا يوجد إنترنت بعد... (50/120 ثانية)
[2026-07-13 16:43:31] [EVENT] ✅ تم الحصول على الإنترنت في: 2026-07-13 16:43:31 (بعد 53 ثانية من بدء التشغيل)
[2026-07-13 16:43:31] [SUCCESS] ✅ الإنترنت متاح! (53s)
[2026-07-13 16:43:31] [INFO] تشغيل MediaMTX...
[2026-07-13 16:43:32] [EVENT] MediaMTX started — PID: 2270 — Time: 2026-07-13 16:43:32
[2026-07-13 16:43:34] [INFO] MediaMTX يعمل (PID: 2270)
[2026-07-13 16:43:34] [INFO] تشغيل camera-control.py (PTZ agent)...
[2026-07-13 16:43:35] [EVENT] camera-control.py started — PID: 2287 — Time: 2026-07-13 16:43:35
[2026-07-13 16:43:35] [INFO] camera-control.py يعمل (PID: 2287)
[2026-07-13 16:43:35] [INFO] تشغيل Cloudflare Tunnel...
[2026-07-13 16:43:35] [EVENT] Cloudflare Tunnel starting — Time: 2026-07-13 16:43:35
[2026-07-13 16:43:35] [INFO] انتظار URL من Cloudflare...
[2026-07-13 17:01:59] [EVENT] Cloudflare Tunnel URL received: https://corpus-scroll-employ-pillow.trycloudflare.com — Time: 2026-07-13 17:01:59
[2026-07-13 17:01:59] [INFO] تسجيل URL في Laravel API...
[2026-07-13 17:02:00] [WARN] ⚠️  استجابة غير متوقعة (HTTP 500): {
    "message": "The stream or file \"/var/www/roadshield/storage/logs/laravel.log\" could not be opened in append mode: Failed to open stream: Permission denied\nThe exception occurred while attempting to log: The stream or file \"/var/www/roadshield/storage/logs/laravel.log\" could not be opened in append mode: Failed to open stream: Permission denied\nThe exception occurred while attempting to log: The stream or file \"/var/www/roadshield/storage/logs/laravel.log\" could not be opened in append mode: Failed to open stream: Permission denied\nThe exception occurred while attempting to log: The stream or file \"/var/www/roadshield/storage/logs/laravel.log\" could not be opened in append mode: Failed to open stream: Permission denied\nThe exception occurred while attempting to log: The stream or file \"/var/www/roadshield/storage/logs/laravel.log\" could not be opened in append mode: Failed to open stream: Permission denied\nThe exception occurred while attempting to log: The stream or file \"/var/www/roadshield/storage/logs/laravel.log\" could not be opened in append mode: Failed to open stream: Permission denied\nThe exception occurred while attempting to log: The stream or file \"/var/www/roadshield/storage/logs/laravel.log\" could not be opened in append mode: Failed to open stream: Permission denied\nThe exception occurred while attempting to log: The stream or file \"/var/www/roadshield/storage/logs/laravel.log\" could not be opened in append mode: Failed to open stream: Permission denied\nThe exception occurred while attempting to log: The stream or file \"/var/www/roadshield/storage/logs/laravel.log\" could not be opened in append mode: Failed to open stream: Permission denied\nThe exception occurred while attempting to log: The stream or file \"/var/www/roadshield/storage/logs/laravel.log\" could not be opened in append mode: Failed to open stream: Permission denied\nThe exception occurred while attempting to log: The stream or file \"/var/www/roadshield/storage/logs/laravel.log\" could not be opened in append mode: Failed to open stream: Permission denied\nThe exception occurred while attempting to log: The stream or file \"/var/www/roadshield/storage/logs/laravel.log\" could not be opened in append mode: Failed to open stream: Permission denied\nThe exception occurred while attempting to log: The stream or file \"/var/www/roadshield/storage/logs/laravel.log\" could not be opened in append mode: Failed to open stream: Permission denied\nThe exception occurred while attempting to log: [Surveillance] Tunnel URL registered\nContext: {\"url\":\"https:\\/\\/corpus-scroll-employ-pillow.trycloudflare.com\"}\nContext: {\"exception\":{}}\nContext: {\"exception\":{}}\nContext: {\"exception\":{}}\nContext: {\"exception\":{}}\nContext: {\"exception\":{}}\nContext: {\"exception\":{}}\nContext: {\"exception\":{}}\nContext: {\"exception\":{}}\nContext: {\"exception\":{}}\nContext: {\"exception\":{}}\nContext: {\"exception\":{}}\nContext: {\"exception\":{}}",
    "exception": "UnexpectedValueException",
    "file": "/var/www/roadshield/vendor/monolog/monolog/src/Monolog/Handler/StreamHandler.php",
    "line": 164,
    "trace": [
        {
            "file": "/var/www/roadshield/vendor/monolog/monolog/src/Monolog/Handler/AbstractProcessingHandler.php",
            "line": 44,
            "function": "write",
            "class": "Monolog\\Handler\\StreamHandler",
            "type": "->"
        },
        {
            "file": "/var/www/roadshield/vendor/monolog/monolog/src/Monolog/Logger.php",
            "line": 391,
            "function": "handle",
            "class": "Monolog\\Handler\\AbstractProcessingHandler",
            "type": "->"
        },
        {
            "file": "/var/www/roadshield/vendor/monolog/monolog/src/Monolog/Logger.php",
            "line": 646,
            "function": "addRecord",
            "class": "Monolog\\Logger",
            "type": "->"
        },
        {
            "file": "/var/www/roadshield/vendor/laravel/framework/src/Illuminate/Log/Logger.php",
            "line": 187,
            "function": "error",
            "class": "Monolog\\Logger",
            "type": "->"
        },
        {
            "file": "/var/www/roadshield/vendor/laravel/framework/src/Illuminate/Log/Logger.php",
            "line": 96,
            "function": "writeLog",
            "class": "Illuminate\\Log\\Logger",
            "type": "->"
        },
        {
            "file": "/var/www/roadshield/vendor/laravel/framework/src/Illuminate/Log/LogManager.php",
            "line": 714,
            "function": "error",
            "class": "Illuminate\\Log\\Logger",
            "type": "->"
        },
        {
            "file": "/var/www/roadshield/vendor/laravel/framework/src/Illuminate/Foundation/Exceptions/Handler.php",
            "line": 481,
            "function": "error",
            "class": "Illuminate\\Log\\LogManager",
            "type": "->"
        },
        {
            "file": "/var/www/roadshield/vendor/laravel/framework/src/Illuminate/Foundation/Exceptions/Handler.php",
            "line": 439,
            "function": "reportThrowable",
            "class": "Illuminate\\Foundation\\Exceptions\\Handler",
            "type": "->"
        },
        {
            "file": "/var/www/roadshield/vendor/laravel/framework/src/Illuminate/Foundation/Http/Kernel.php",
            "line": 562,
            "function": "report",
            "class": "Illuminate\\Foundation\\Exceptions\\Handler",
            "type": "->"
        },
        {
            "file": "/var/www/roadshield/vendor/laravel/framework/src/Illuminate/Foundation/Http/Kernel.php",
            "line": 146,
            "function": "reportException",
            "class": "Illuminate\\Foundation\\Http\\Kernel",
            "type": "->"
        },
        {
            "file": "/var/www/roadshield/vendor/laravel/framework/src/Illuminate/Foundation/Application.php",
            "line": 1220,
            "function": "handle",
            "class": "Illuminate\\Foundation\\Http\\Kernel",
            "type": "->"
        },
        {
            "file": "/var/www/roadshield/public/index.php",
            "line": 20,
            "function": "handleRequest",
            "class": "Illuminate\\Foundation\\Application",
            "type": "->"
        }
    ]
}
[2026-07-13 17:02:00] [INFO] النظام يعمل. اضغط Ctrl+C للإيقاف.
[2026-07-13 17:02:00] [INFO] ملف السجل الكامل: /home/yazan/projects/rs-python-stream/system.log
[2026-07-13 17:36:29] [INFO] إيقاف النظام...
[2026-07-13 17:36:29] [INFO] إلغاء تسجيل URL من Laravel...
[2026-07-13 17:36:29] [INFO] URL أُلغي تسجيله.
[2026-07-13 17:36:29] [EVENT] === SESSION END ===
[2026-07-13 17:36:29] [INFO] تم الإيقاف بنجاح.
